epochs,batch,neurons,activation,signal_noise_ratio_train,signal_noise_ratio_val,signal_noise_ratio_test,X_train_len,X_val_len,X_test_len,auc,soft_auc,f1,test_acc,training_accuracy_mean,validation_accuracy_mean,training_accuracy_std,validation_accuracy_std,training_loss_mean,validation_loss_mean,training_loss_std,validation_loss_std,scaler,paradigm,id
200,27,20,0,0.5,0.02,0.02,13300,3000,3000,0.9996598639455782,0.9996626984126984,0.9836065573770492,0.9993333220481873,1.0,0.999666690826416,0.0,0.0,3.0493152189592364e-05,0.0008572697348427028,5.497717952933085e-07,4.067196883387314e-06,1,0,b72128ad-5cf3-4ef2-86dc-7adc10727ec9
200,39,22,1,0.5,0.02,0.02,13300,3000,3000,0.9998299319727891,0.9996598639455783,0.9917355371900827,0.999666690826416,1.0,0.999666690826416,0.0,0.0,4.3443463437142785e-05,0.002851497568190098,7.509608478133041e-07,6.638334087656749e-06,1,0,f65c1576-e3d0-4f3f-8188-a7c55f1c3998
200,51,15,1,0.02,0.02,0.02,13299,3000,3000,1.0,1.0,1.0,1.0,1.0,0.999666690826416,0.0,0.0,6.802168063586578e-05,0.0011888861889019608,1.2205315052246732e-06,3.3247295898799294e-06,1,0,4a76a56f-3c6d-4386-9877-a6be39b14967
200,21,23,0,0.5,0.02,0.02,13300,3000,3000,0.9996598639455782,1.0,0.9836065573770492,0.9993333220481873,1.0,1.0,0.0,0.0,2.0363787552923895e-05,0.0001911196915898472,3.533614228787636e-07,1.6543597161529796e-06,1,0,d668acef-6954-4abf-bbb8-6e93e572862a
200,35,25,0,0.5,0.02,0.02,13300,3000,3000,0.9994897959183673,0.9994501133786847,0.975609756097561,0.9990000128746033,1.0,0.9990000128746033,0.0,0.0,3.832875663647428e-05,0.00455468837171793,6.801624920502022e-07,5.548146161352236e-06,1,0,5b097376-aaea-476f-ab6e-033b446ded37
200,33,26,0,0.5,0.02,0.02,13300,3000,3000,0.9994897959183673,0.9994756235827664,0.975609756097561,0.9990000128746033,1.0,0.999666690826416,0.0,0.0,3.5833146466757174e-05,0.00290895220823586,6.329668966086326e-07,2.4827445783979315e-06,1,0,fded6002-8d67-4988-a34d-852284a4d51d
200,29,17,0,0.5,0.02,0.02,13300,3000,3000,0.9994897959183673,0.9996626984126984,0.975609756097561,0.9990000128746033,1.0,0.9986666440963745,0.0,0.0,3.32486040861113e-05,0.004978690622374415,6.314869643955732e-07,9.240818008447469e-06,1,0,a2fe55e6-d76e-4aca-b352-5645be6b339f
200,42,20,0,0.5,0.5,0.5,13300,3000,3000,0.9996666666666667,1.0,0.9996665555185061,0.999666690826416,1.0,0.999666690826416,0.0,0.0,4.087806046300102e-05,0.0009129139187280088,7.128004421613286e-07,2.653072097688654e-06,1,0,7b05ca84-7fcd-4d00-8817-0348a17c8348
200,41,26,0,0.02,0.02,0.02,13299,3000,3000,1.0,1.0,1.0,1.0,1.0,1.0,0.0,0.0,4.3107933743158354e-05,4.432893474586308e-05,7.618289183309188e-07,7.703846267177092e-07,1,0,3c144313-d794-4f39-bcc0-74469d9306d3
200,17,29,0,0.5,0.02,0.02,13300,3000,3000,0.9998299319727891,0.9996598639455783,0.9917355371900827,0.999666690826416,1.0,0.999666690826416,0.0,0.0,1.6630167920084205e-05,0.0013782947324216365,2.860494070606004e-07,1.8916247566637749e-06,1,0,58c16cde-c86c-446b-86a3-98ee9fe62167
200,10,24,0,0.5,0.5,0.5,13300,3000,3000,0.9996666666666667,0.9999733333333333,0.9996665555185061,0.999666690826416,1.0,0.9993333220481873,0.0,0.0,8.583626095060026e-06,0.0074185225646942856,1.4716888589061755e-07,3.4460774224541786e-06,1,0,a25da0f7-e658-4209-92d5-b887fadedcae
200,59,18,0,0.5,0.5,0.5,13300,3000,3000,1.0,1.0,1.0,1.0,1.0,0.9993333220481873,0.0,0.0,7.266586180776358e-05,0.0059175231959670786,1.3355900843362011e-06,1.7557368668601443e-06,1,0,d8cd856d-557f-4675-8ea9-96e9b8289f80
200,50,24,1,0.5,0.02,0.02,13300,3000,3000,1.0,1.0,1.0,1.0,1.0,0.9993333220481873,0.0,0.0,5.7949620895669796e-05,0.0013324789702892303,1.0504550872713137e-06,3.784921020508983e-06,1,0,94b85f4d-b94c-4fbb-96cd-70e20006ca81
200,24,25,1,0.5,0.02,0.02,13300,3000,3000,0.9996598639455782,0.9993792517006802,0.9836065573770492,0.9993333220481873,1.0,0.999666690826416,0.0,0.0,2.3017627245280892e-05,0.0005646060511935502,3.981191764652433e-07,5.862566434602054e-06,1,0,745d719d-0255-4883-b060-6a6eefa4941d
200,26,18,1,0.5,0.02,0.02,13300,3000,3000,0.9998299319727891,0.9996626984126984,0.9917355371900827,0.999666690826416,1.0,0.9993333220481873,0.0,0.0,2.4903446865209843e-05,0.0029106094036251305,4.3024314816091186e-07,9.421539669083322e-07,1,0,967ab21c-43e7-44c9-873a-1f231c32319d
200,24,27,0,0.02,0.02,0.02,13299,3000,3000,1.0,1.0,1.0,1.0,1.0,1.0,0.0,0.0,2.2307937797449995e-05,2.360196322115371e-05,3.8517131251444847e-07,3.8142101667880274e-07,1,0,22b03150-f490-4c9d-b6ee-bbc1685e783c
200,18,24,1,0.5,0.02,0.02,13300,3000,3000,0.9998299319727891,0.9996598639455783,0.9917355371900827,0.999666690826416,1.0,0.999666690826416,0.0,0.0,1.5323016032198212e-05,0.0037129286443814634,2.59857414732564e-07,3.6591017199220807e-06,1,0,4d25190d-be59-4b34-94ba-bb27ced1c909
200,27,20,0,0.5,0.5,0.5,13300,3000,3000,0.9993333333333334,0.9999995555555555,0.999333777481679,0.9993333220481873,1.0,1.0,0.0,0.0,2.8691686929960268e-05,0.00042941401188727467,5.094604392548215e-07,3.7815812540939913e-06,1,0,69aaf905-02df-4780-bce2-ffb4ac3e4b56
200,24,17,0,0.5,0.02,0.02,13300,3000,3000,0.9996598639455782,0.9993253968253968,0.9836065573770492,0.9993333220481873,1.0,0.999666690826416,0.0,0.0,2.630686867632903e-05,0.0045828419271856545,4.7358632083798657e-07,1.858715876134629e-05,1,0,8315cc49-d638-4851-b6e9-52492c738e5d
200,45,28,0,0.5,0.02,0.02,13300,3000,3000,0.9998299319727891,0.9996598639455783,0.9917355371900827,0.999666690826416,1.0,0.999666690826416,0.0,0.0,4.872667632298544e-05,0.0013541814405471087,8.891118268924834e-07,3.844235916104271e-06,1,0,897b3aab-3582-413f-9fb8-5e5a815308d3
200,55,29,1,0.02,0.02,0.02,13299,3000,3000,0.9914965986394558,0.9999886621315193,0.9833333333333333,0.9993333220481873,1.0,0.999666690826416,0.0,0.0,6.606285314774141e-05,0.0023882177658379076,1.177594606742214e-06,1.0650856297718694e-06,1,0,0cea6386-3cf7-4af9-8862-27b7e71dbf40
200,25,27,0,0.02,0.02,0.02,13299,3000,3000,0.9916666666666667,0.9999659863945578,0.9915966386554621,0.999666690826416,1.0,0.999666690826416,0.0,0.0,2.3831733415136114e-05,0.0008766886603552848,4.1219497049770313e-07,4.019134218611999e-06,1,0,44c434a8-9d74-4eee-85af-3ab062738599
200,29,25,1,0.5,0.5,0.5,13300,3000,3000,0.9996666666666667,0.9999995555555555,0.9996665555185061,0.999666690826416,1.0,1.0,0.0,0.0,2.6152910504606552e-05,0.0005617886141408235,4.483883804411195e-07,4.183881444203571e-06,1,0,42640b44-4ae2-400e-a543-cc67eda59577
200,13,15,0,0.5,0.02,0.02,13300,3000,3000,0.9998299319727891,1.0,0.9917355371900827,0.999666690826416,1.0,0.9993333220481873,0.0,0.0,1.2166149099357427e-05,0.004370923805981875,2.0920254760963592e-07,4.655906677714021e-06,1,0,21636734-b738-4cbe-a5ab-b029aa3e1d57
200,31,22,0,0.5,0.02,0.02,13300,3000,3000,0.9998299319727891,1.0,0.9917355371900827,0.999666690826416,1.0,0.9990000128746033,0.0,0.0,3.331950429128483e-05,0.008708436321467162,5.817225689620682e-07,6.369132007899415e-06,1,0,595c0006-af51-4f15-8510-303432f7071a
200,10,15,1,0.5,0.02,0.02,13300,3000,3000,0.9998299319727891,0.9996598639455783,0.9917355371900827,0.999666690826416,1.0,0.999666690826416,0.0,0.0,9.178157779388129e-06,0.0004565699549857527,1.5738869631662474e-07,3.7836745590880865e-07,1,0,b07f437f-5217-4938-8e00-9995f4b8bdfa
200,14,27,0,0.02,0.02,0.02,13299,3000,3000,1.0,1.0,1.0,1.0,1.0,0.999666690826416,0.0,0.0,1.2600852096511517e-05,0.0005729797761887312,2.1540048318439573e-07,1.9359137430236364e-06,1,0,0e25150e-5db2-4872-b4a7-151ea26ffcdc
200,57,29,0,0.5,0.5,0.5,13300,3000,3000,1.0,1.0,1.0,1.0,1.0,0.9983333349227905,0.0,0.0,6.15832643234171e-05,0.013899372983723879,1.105324122608478e-06,1.245804572200393e-05,1,0,3adf1bac-5a86-4cf4-8ed2-afecb843110f
200,15,19,0,0.5,0.5,0.5,13300,3000,3000,1.0,1.0,1.0,1.0,1.0,0.9993333220481873,0.0,0.0,1.4917808857717319e-05,0.00548472460359335,2.590526199533744e-07,2.798907106679305e-06,1,0,2438336b-a91f-4163-9e98-158a70cae1fa
200,40,19,0,0.5,0.02,0.02,13300,3000,3000,0.9996598639455782,0.9996598639455782,0.9836065573770492,0.9993333220481873,1.0,0.9993333220481873,0.0,0.0,4.794397209479939e-05,0.003380015096627176,8.934248780535613e-07,9.039112877953669e-06,1,0,89c5aa77-bd3b-4fd6-85cf-796bd7973907
200,37,27,0,0.5,0.02,0.02,13300,3000,3000,0.9994897959183673,0.9996371882086168,0.975609756097561,0.9990000128746033,1.0,0.9993333220481873,0.0,0.0,3.7567306571872904e-05,0.010910403449088335,6.656565157436376e-07,1.2495558150612005e-05,1,0,428568f2-6756-40bc-acdc-360a532b4d7b
200,47,29,0,0.02,0.02,0.02,13299,3000,3000,1.0,1.0,1.0,1.0,1.0,1.0,0.0,0.0,5.424066621344537e-05,7.060996067593805e-05,9.668631198198889e-07,1.2287020973821026e-06,1,0,0df34f13-97e5-4496-861a-2a5b7608aa90
200,49,28,0,0.02,0.02,0.02,13299,3000,3000,0.9998299319727891,0.9999943310657596,0.9917355371900827,0.999666690826416,1.0,1.0,0.0,0.0,5.825516236654948e-05,6.587486568605527e-05,1.0387978555104035e-06,1.1885035167661563e-06,1,0,c93b6e1c-2b44-4f4b-afec-7e9b4e0c65e5
200,19,17,1,0.5,0.02,0.02,13300,3000,3000,0.9998299319727891,1.0,0.9917355371900827,0.999666690826416,1.0,0.9990000128746033,0.0,0.0,1.821775149437599e-05,0.006401021266356111,3.1396270090673796e-07,1.1320663245580776e-06,1,0,0398c0f9-87e2-4664-8de1-eafa22f740e0
200,55,15,0,0.02,0.02,0.02,13299,3000,3000,0.9833333333333334,0.9985997732426304,0.983050847457627,0.9993333220481873,1.0,0.999666690826416,0.0,0.0,7.309770589927211e-05,0.0022000725381076335,1.3359965198678723e-06,4.0170478435946595e-07,1,0,5a29eb30-0a36-4fe8-a6c0-b2124f20b840
200,54,25,1,0.5,0.5,0.5,13300,3000,3000,1.0,1.0,1.0,1.0,1.0,0.9990000128746033,0.0,0.0,5.369824175431859e-05,0.004356316290795803,9.286727302212478e-07,4.165333884676441e-06,1,0,59cac1a2-9256-4691-b8a9-90580a24f0da
200,13,20,1,0.5,0.5,0.5,13300,3000,3000,1.0,1.0,1.0,1.0,1.0,0.9990000128746033,0.0,0.0,1.1941612774535315e-05,0.007034951169043779,2.015905493045122e-07,1.0867954887505115e-06,1,0,17a86fc1-28ab-48d4-9e29-9c0aaa017dc1
200,18,24,0,0.5,0.02,0.02,13300,3000,3000,0.9993197278911565,0.9993253968253969,0.967741935483871,0.9986666440963745,1.0,0.999666690826416,0.0,0.0,1.8369723693467677e-05,0.006995765399187804,3.1859313232383994e-07,4.016173545895348e-06,1,0,707bf899-2636-41d7-a5f9-5cf437b3d7a6
200,53,25,1,0.5,0.02,0.02,13300,3000,3000,0.9996598639455782,0.9999773242630386,0.9836065573770492,0.9993333220481873,1.0,0.9993333220481873,0.0,0.0,6.459174692281522e-05,0.005753250140696764,1.160505097861829e-06,3.0218457417078733e-06,1,0,6a56db95-92f1-43ac-8d3e-c9894bfcc390
200,15,28,0,0.5,0.5,0.5,13300,3000,3000,1.0,1.0,1.0,1.0,1.0,0.999666690826416,0.0,0.0,1.3083749490760965e-05,0.0003970269521232694,2.251630506367638e-07,2.557924136057222e-06,1,0,db1e8360-b550-4250-ac66-831ef3a3dd69
200,49,15,1,0.5,0.02,0.02,13300,3000,3000,0.9998299319727891,0.9996598639455783,0.9917355371900827,0.999666690826416,1.0,0.9990000128746033,0.0,0.0,5.138413216627668e-05,0.0034706008853390815,9.265536826882432e-07,3.2874536298682487e-06,1,0,6b461770-65d2-4b81-9b02-d40fdd951426
200,24,24,0,0.5,0.02,0.02,13300,3000,3000,0.9998299319727891,0.9996655328798186,0.9917355371900827,0.999666690826416,1.0,0.9990000128746033,0.0,0.0,2.292070294060977e-05,0.009358236752450465,3.977652123236291e-07,4.148375661885644e-06,1,0,29533468-7bbd-4e5c-9480-83694c7ded68
200,39,25,1,0.02,0.02,0.02,13299,3000,3000,0.9998299319727891,0.9996598639455783,0.9917355371900827,0.999666690826416,1.0,0.9993333220481873,0.0,0.0,4.543586182990111e-05,0.0015020987018942833,8.03147118535898e-07,3.3448770603211095e-06,1,0,f90fec76-a167-432a-a09c-fba6a426d922
200,37,27,0,0.5,0.02,0.02,13300,3000,3000,0.9996598639455782,0.9993197278911565,0.9836065573770492,0.9993333220481873,1.0,0.999666690826416,0.0,0.0,3.946309989260044e-05,0.002941207028925419,6.991414080985716e-07,2.472572835598936e-06,1,0,e4f75f24-cae8-4de6-9586-5587aa2c6ff3
200,35,29,1,0.02,0.02,0.02,13299,3000,3000,1.0,1.0,1.0,1.0,1.0,0.9993333220481873,0.0,0.0,3.557860727596562e-05,0.0027245046570897103,6.238889111635111e-07,9.64988764396908e-07,1,0,85519b3c-a79a-46c9-a32b-50cbb516ca76
200,50,29,1,0.5,0.5,0.5,13300,3000,3000,1.0,1.0,1.0,1.0,1.0,0.9986666440963745,0.0,0.0,5.066479607194196e-05,0.004710163176059723,8.920723824239978e-07,8.887964314100823e-06,1,0,72175432-a84e-437a-89c6-3a3ec9c92752
200,25,18,0,0.5,0.5,0.5,13300,3000,3000,0.9993333333333333,0.9999995555555555,0.9993333333333333,0.9993333220481873,1.0,0.9993333220481873,0.0,0.0,2.333769680262776e-05,0.005753153469413519,4.0249129541694174e-07,6.129136756064925e-06,1,0,dea52582-f91b-440a-8e8e-24536864d3ea
200,38,27,0,0.5,0.5,0.5,13300,3000,3000,1.0,1.0,1.0,1.0,1.0,0.9989000022411346,0.0,0.0001527687660568238,4.082153172930702e-05,0.010983943101018667,7.276444583602158e-07,3.005034388367194e-06,1,0,26091d6c-5977-4bfd-9e88-b6012aa73fbe
200,36,16,0,0.5,0.5,0.5,13300,3000,3000,0.9996666666666667,0.9993333333333333,0.9996665555185061,0.999666690826416,1.0,0.9990000128746033,0.0,0.0,3.7733942372142336e-05,0.0028825117740780117,6.741069987654848e-07,4.987750922214414e-06,1,0,438ebf45-3c97-486e-9c4a-4bb1f790ef75
200,24,27,0,0.5,0.5,0.5,13300,3000,3000,1.0,1.0,1.0,1.0,1.0,0.9990000128746033,0.0,0.0,2.2151204939291345e-05,0.0046343835536390545,3.853957956174994e-07,3.1987999040492997e-06,1,0,47c6f86e-016e-4059-9918-33c6261716d4
200,10,19,0,0.02,0.02,0.02,13299,3000,3000,0.9916666666666667,0.9999943310657596,0.9915966386554621,0.999666690826416,1.0,0.9993333220481873,0.0,0.0,8.599205193604575e-06,0.00404128865338862,1.4837978605166123e-07,5.653981922745406e-06,1,0,be5e3c46-db97-4d97-9ac1-49fee05fc63d
200,43,20,1,0.02,0.02,0.02,13299,3000,3000,0.9998299319727891,0.9999886621315193,0.9917355371900827,0.999666690826416,1.0,1.0,0.0,0.0,5.987669137539342e-05,0.00011392442538635806,1.0838242399322208e-06,1.3573251367221846e-06,1,0,789933df-f7e9-4f4b-8938-58e62cad1628
200,23,24,1,0.5,0.02,0.02,13300,3000,3000,0.9998299319727891,0.9999943310657596,0.9917355371900827,0.999666690826416,1.0,0.9993333220481873,0.0,0.0,2.1001425011490937e-05,0.0020113940816372635,3.5886037279268773e-07,4.788875689026234e-07,1,0,0021961c-1464-4fc9-9258-b81552b7acf9
200,38,29,0,0.5,0.5,0.5,13300,3000,3000,0.9996666666666666,1.0,0.9996667777407531,0.999666690826416,1.0,0.9993333220481873,0.0,0.0,4.162210716458503e-05,0.0015006784698925913,7.444817247051598e-07,6.247755497075922e-06,1,0,cec871b9-282a-4d1d-a80c-bf9e53096794
200,24,16,1,0.5,0.5,0.5,13300,3000,3000,1.0,1.0,1.0,1.0,1.0,0.999666690826416,0.0,0.0,2.577113591542002e-05,0.0047298478428274395,4.402545449694721e-07,1.8388364426197633e-06,1,0,861d8a41-37df-4f83-bfb0-17db25f8a5b0
200,28,16,1,0.5,0.02,0.02,13300,3000,3000,0.9996598639455782,0.9996655328798186,0.9836065573770492,0.9993333220481873,1.0,0.999666690826416,0.0,0.0,4.111633897991851e-05,0.0008389610273297876,7.329536305350187e-07,4.504108868887797e-06,1,0,2819160c-2714-4ad8-bca2-1a74b8c88686
200,16,29,1,0.5,0.5,0.5,13300,3000,3000,1.0,1.0,1.0,1.0,1.0,0.999666690826416,0.0,0.0,1.6289254381263164e-05,0.0017177173052914441,2.794077593170553e-07,3.883221566828114e-06,1,0,368d9118-d9b6-4f25-b485-d335195add37
200,11,18,0,0.5,0.5,0.5,13300,3000,3000,0.9996666666666667,1.0,0.9996665555185061,0.999666690826416,1.0,0.9990000128746033,0.0,0.0,1.1960765823459951e-05,0.004928631149232388,2.1111214166180924e-07,2.776624511646189e-06,1,0,d201bdf4-9219-492f-8a42-34a69540ad4e
200,47,22,0,0.5,0.5,0.5,13300,3000,3000,0.9996666666666666,1.0,0.9996667777407531,0.999666690826416,1.0,0.9990000128746033,0.0,0.0,5.498106220329646e-05,0.0032846393529325723,1.0134308120360494e-06,6.742680080439273e-06,1,0,4d50fa6d-8abf-42c4-9f17-ea2208736f63
200,51,26,0,0.5,0.5,0.5,13300,3000,3000,1.0,1.0,1.0,1.0,1.0,0.9986666440963745,0.0,0.0,5.984398267173674e-05,0.013042455445975066,1.0584302828090597e-06,1.734780447277886e-05,1,0,dee32d22-dbf4-4dc9-aa4a-ce16b5d87154
200,17,28,0,0.5,0.5,0.5,13300,3000,3000,1.0,1.0,1.0,1.0,1.0,0.9990000128746033,0.0,0.0,1.4794659091421635e-05,0.008788515720516444,2.5468726299810247e-07,3.1059576712276196e-06,1,0,d9f20d07-c991-4901-b1ec-bc031d6d05ed
200,27,28,1,0.02,0.02,0.02,13299,3000,3000,1.0,1.0,1.0,1.0,1.0,0.999666690826416,0.0,0.0,2.60554257693002e-05,0.0016651758225634695,4.5093497363343693e-07,2.575175457788811e-06,1,0,a43198cd-63cf-47de-80b3-b879f96cb416
200,44,25,1,0.5,0.02,0.02,13300,3000,3000,0.9998299319727891,0.9996626984126984,0.9917355371900827,0.999666690826416,1.0,0.9993333220481873,0.0,0.0,4.321976521168835e-05,0.00453255083411932,7.489361238032998e-07,1.9352797923298472e-06,1,0,bad8ea13-ccea-4925-a5a2-fbf763b41d81
200,18,24,1,0.5,0.02,0.02,13300,3000,3000,0.9998299319727891,0.9999773242630385,0.9917355371900827,0.999666690826416,1.0,0.999666690826416,0.0,0.0,1.6695866543159353e-05,0.0009476655977778137,2.888603871131422e-07,5.0342510759686236e-06,1,0,6443105a-47c4-439c-8e01-d53c36b6c9f0
200,15,18,1,0.5,0.5,0.5,13300,3000,3000,1.0,1.0,1.0,1.0,1.0,0.999666690826416,0.0,0.0,1.3990756360726665e-05,0.0036448633996769785,2.3667016314671584e-07,3.6634400777736117e-06,1,0,dc001e06-792d-4687-87d1-0b0c09a189dc
200,26,25,0,0.02,0.02,0.02,13299,3000,3000,1.0,1.0,1.0,1.0,1.0,0.999666690826416,0.0,0.0,2.318151182407746e-05,0.000664981227600947,4.007757646066062e-07,2.716413022416996e-06,1,0,b2b215a4-e57c-48e5-a693-1f0a624899d5
200,13,25,1,0.5,0.5,0.5,13300,3000,3000,1.0,1.0,1.0,1.0,1.0,0.9993333220481873,0.0,0.0,1.0683120490284636e-05,0.004258047044277191,1.799252910137145e-07,1.240393696827811e-06,1,0,d1e72f5b-44df-4f90-a8e6-0f04a7f4c517
200,49,23,0,0.5,0.02,0.02,13300,3000,3000,0.9998299319727891,1.0,0.9917355371900827,0.999666690826416,1.0,0.9990000128746033,0.0,0.0,5.8927610371029e-05,0.004724967014044523,1.0280318061244845e-06,1.9472686083560702e-06,1,0,6f8f4232-8fba-4e80-82ee-f5b7005779f8
200,37,19,0,0.5,0.02,0.02,13300,3000,3000,0.9998299319727891,1.0,0.9917355371900827,0.999666690826416,1.0,0.9993333220481873,0.0,0.0,3.8912401214474814e-05,0.0012840196141041815,6.82970507023537e-07,6.439015840226559e-06,1,0,8b00a966-1a48-4eb1-b359-a5149897f781
200,21,24,0,0.02,0.02,0.02,13299,3000,3000,0.9998299319727891,1.0,0.9917355371900827,0.999666690826416,1.0,1.0,0.0,0.0,1.9816995700239203e-05,0.000387470202986151,3.5773334291208483e-07,4.0368798187993515e-06,1,0,07eda90d-8bdc-4c63-914e-5e57aad86233
200,27,25,0,0.02,0.02,0.02,13299,3000,3000,0.9998299319727891,0.9998185941043085,0.9917355371900827,0.999666690826416,1.0,0.999666690826416,0.0,0.0,2.6976524532074107e-05,0.0003906152123818174,4.7251291492518685e-07,3.380326484073627e-06,1,0,32bc1905-98db-4a83-94ab-d8f25077654f
200,26,24,0,0.02,0.02,0.02,13299,3000,3000,0.9914965986394558,0.9996598639455783,0.9833333333333333,0.9993333220481873,1.0,1.0,0.0,0.0,2.633072672324488e-05,3.161972417728975e-05,4.617901741033537e-07,5.157653401486129e-07,1,0,b7720fff-099c-404d-b038-35c073269a2c
200,28,23,0,0.5,0.02,0.02,13300,3000,3000,0.9996598639455782,0.9993509070294785,0.9836065573770492,0.9993333220481873,1.0,0.999666690826416,0.0,0.0,3.139168256893754e-05,0.00377632649615407,5.596425654365651e-07,2.1043690749137368e-06,1,0,02d3f980-841e-4fdf-ae2a-d00661b75212
200,33,29,0,0.5,0.5,0.5,13300,3000,3000,0.9996666666666667,0.9993333333333333,0.9996665555185061,0.999666690826416,1.0,0.9993333220481873,0.0,0.0,3.332961096020881e-05,0.0021760142175480724,5.800541162679604e-07,5.983035277821654e-07,1,0,6dae62c8-b2c2-44d9-b888-85c87bb3ac53
200,29,24,1,0.5,0.5,0.5,13300,3000,3000,0.9996666666666667,1.0,0.9996665555185061,0.999666690826416,1.0,0.9990000128746033,0.0,0.0,2.8089287479815538e-05,0.007406352274119854,4.959740237756448e-07,4.666594229391118e-06,1,0,e26707bd-60fc-4bba-a4ab-f7e5a0e08403
200,24,28,0,0.5,0.5,0.5,13300,3000,3000,0.9996666666666667,0.9998319999999999,0.9996665555185061,0.999666690826416,1.0,0.9990000128746033,0.0,0.0,2.2817410535935777e-05,0.009287266246974468,3.999842553175924e-07,3.6612532242130243e-06,1,0,730411a0-79fe-4e43-8e05-36cb7408025e
200,43,19,0,0.5,0.02,0.02,13300,3000,3000,0.9998299319727891,1.0,0.9917355371900827,0.999666690826416,1.0,0.999666690826416,0.0,0.0,6.79968943586573e-05,0.0067321439273655415,1.157394930015507e-06,4.811474485263314e-06,1,0,96510c0a-e11e-43a0-ba93-b493f9e33b86
200,37,22,1,0.02,0.02,0.02,13299,3000,3000,0.9998299319727891,0.9996598639455782,0.9917355371900827,0.999666690826416,1.0,0.9993333220481873,0.0,0.0,3.9692094287602234e-05,0.005250121606513858,6.95962455981547e-07,2.619203896924754e-06,1,0,29aa7c2e-0a8e-47aa-a9cc-dfb71de836bf
200,22,21,0,0.02,0.02,0.02,13299,3000,3000,0.9998299319727891,0.9996598639455783,0.9917355371900827,0.999666690826416,1.0,0.999666690826416,0.0,0.0,2.2484001601696945e-05,0.000865057302871719,3.9744709508184795e-07,1.880755613428188e-06,1,0,07eac3e3-5a23-40e4-98ad-71b71b585a4d
200,36,7,1,0.5,0.5,0.5,13300,3000,3000,1.0,1.0,1.0,1.0,1.0,1.0,0.0,0.0,4.2684296568040735e-05,0.00027486809703987093,7.432257152188979e-07,3.4694601277205873e-06,1,0,46b1590e-0041-437d-a9eb-9c4be062b0d1
200,15,28,0,0.5,0.02,0.02,13300,3000,3000,0.9998299319727891,0.9997562358276644,0.9917355371900827,0.999666690826416,1.0,0.999666690826416,0.0,0.0,1.4695240133733023e-05,0.003379461565054953,2.54647883360892e-07,2.24778084262035e-06,1,0,b5d5a3fd-60ae-401c-96a7-5cede85cf4d1
200,12,8,0,0.5,0.02,0.02,13300,3000,3000,0.9996598639455782,0.9996683673469388,0.9836065573770492,0.9993333220481873,1.0,0.9993333220481873,0.0,0.0,1.0722952356445604e-05,0.005015089828521013,1.8302911547671108e-07,8.199187801923422e-06,1,0,b35bc7a0-44be-4082-8b6c-c6fc6315305d
200,50,2,1,0.02,0.02,0.02,13299,3000,3000,0.9996598639455782,0.9999433106575965,0.9836065573770492,0.9993333220481873,0.9998721659183503,0.999666690826416,3.444330663287231e-05,0.0,0.0009225622867234051,0.0016922965180128813,0.0003562913536853391,1.1818058669198759e-05,1,0,3ef88011-5274-485d-a734-cdceb48a2f82
200,19,13,1,0.5,0.5,0.5,13300,3000,3000,0.9993333333333334,0.9993342222222222,0.9993328885923949,0.9993333220481873,1.0,0.9986666440963745,0.0,0.0,1.8067981909553054e-05,0.011211678478866815,3.0982164901343813e-07,4.75345117851356e-06,1,0,51aee8e3-1138-452e-be7f-6a8abff9bbba
200,20,8,1,0.5,0.5,0.5,13300,3000,3000,0.9996666666666667,0.9999977777777778,0.9996665555185061,0.999666690826416,1.0,0.999666690826416,0.0,0.0,3.1354414386441934e-05,0.0012328017968684436,5.525712086399378e-07,3.3150226884193437e-06,1,0,b1a04810-358f-40bf-8aca-d6ce22d68118
200,24,23,1,0.5,0.02,0.02,13300,3000,3000,0.9996598639455782,0.9996626984126984,0.9836065573770492,0.9993333220481873,1.0,0.9993333220481873,0.0,0.0,2.2572721536562313e-05,0.0022923682117834687,3.932456138670977e-07,1.6608944100293695e-06,1,0,6ddcc757-40fd-4e30-bd9d-fb55cc0c221b
200,56,20,1,0.02,0.02,0.02,13299,3000,3000,1.0,0.9999999999999999,1.0,1.0,1.0,0.999666690826416,0.0,0.0,6.558362874784507e-05,0.0013353858375921845,1.1699450474291444e-06,3.7308515459794086e-06,1,0,faea85d6-c3f4-4c77-aa14-37f704b0acc5
200,58,10,1,0.02,0.02,0.02,13299,3000,3000,0.9831632653061225,0.9999829931972789,0.9747899159663865,0.9990000128746033,1.0,1.0,0.0,0.0,8.402852108702064e-05,8.327188406838104e-05,1.5163970769680403e-06,1.5167449135071578e-06,1,0,aa10ac89-7c31-45b5-b0c1-d5b472e7cd2c
200,40,3,1,0.5,0.02,0.02,13300,3000,3000,0.9996598639455782,1.0,0.9836065573770492,0.9993333220481873,0.9999248385429382,0.9993333220481873,0.0,0.0,0.0010575100779533387,0.004039899399504066,7.03421548971499e-06,4.5423841760617087e-07,1,0,34acef75-c457-4605-8b88-b1f2529bae68
200,57,16,0,0.5,0.02,0.02,13300,3000,3000,0.9996598639455782,0.9996371882086168,0.9836065573770492,0.9993333220481873,1.0,0.999666690826416,0.0,0.0,6.905901900609024e-05,0.004202743712812662,1.2489010546563856e-06,1.6259248013286747e-06,1,0,889ee33e-b479-4d18-a690-b73df2969d1e
200,34,27,1,0.5,0.02,0.02,13300,3000,3000,0.9998299319727891,0.9996598639455783,0.9917355371900827,0.999666690826416,1.0,0.9993333220481873,0.0,0.0,3.539026220096275e-05,0.006698592705652118,6.15385357500041e-07,1.4973672899919244e-06,1,0,b8bf0772-8143-421d-869f-0000eaa878ea
200,50,18,1,0.5,0.02,0.02,13300,3000,3000,0.9998299319727891,0.9996598639455783,0.9917355371900827,0.999666690826416,1.0,0.9993333220481873,0.0,0.0,5.465190624818206e-05,0.002776727150194347,9.590768556566249e-07,4.771691358825745e-06,1,0,4d3f033d-f8f3-49d4-9381-5d72fb856878
200,41,16,1,0.5,0.02,0.02,13300,3000,3000,0.9996598639455782,0.9996598639455783,0.9836065573770492,0.9993333220481873,1.0,0.9993333220481873,0.0,0.0,4.103912688151468e-05,0.003552724584005773,7.169462435036037e-07,6.1006131019906165e-06,1,0,109c96e5-4737-4c8e-8a85-7e5f0e6b9959
200,46,16,0,0.02,0.02,0.02,13299,3000,3000,0.9914965986394558,0.9996995464852608,0.9833333333333333,0.9993333220481873,1.0,0.999666690826416,0.0,0.0,5.40110999281751e-05,0.002068819128908217,9.703104501780735e-07,4.524262424392599e-06,1,0,a4d23348-90d4-4cbd-97ec-87b5ab14d55b
200,21,3,1,0.5,0.02,0.02,13300,3000,3000,0.9996598639455782,1.0,0.9836065573770492,0.9993333220481873,1.0,0.9993333220481873,0.0,0.0,0.0002500642163795419,0.003420622576959431,4.1626376706356654e-06,3.2212040789213303e-07,1,0,1c9df94c-d421-4825-abcf-907bc3d7c4f0
200,14,20,1,0.02,0.02,0.02,13299,3000,3000,0.9996598639455782,0.9996541950113379,0.9836065573770492,0.9993333220481873,1.0,0.9993333220481873,0.0,0.0,1.5326788434322226e-05,0.008712632674723863,2.6527536606997157e-07,4.240807556420477e-06,1,0,578b9409-c4b8-4320-a050-ea6f0ca4ad53
200,34,13,0,0.5,0.02,0.02,13300,3000,3000,0.9998299319727891,1.0,0.9917355371900827,0.999666690826416,1.0,0.9993333220481873,0.0,0.0,4.104576692043338e-05,0.0010127306217327715,7.446814727512471e-07,5.647465606232764e-06,1,0,b8b0b00b-c1c7-4a9c-b2aa-77ccb8a8bf9e
200,58,6,0,0.02,0.02,0.02,13299,3000,3000,0.9746598639455781,0.9996258503401361,0.957983193277311,0.9983333349227905,0.999819529056549,0.9993333220481873,3.6850643818287495e-05,0.0,0.004488796927034855,0.009063561633229255,9.092332072664241e-05,5.713398570486027e-05,1,0,cf2d78ee-96ef-4b77-a6e9-059dd739a5ce
200,32,25,1,0.5,0.5,0.5,13300,3000,3000,1.0,1.0,1.0,1.0,1.0,0.9993333220481873,0.0,0.0,3.04586468701018e-05,0.004504099115729332,5.269389898616432e-07,2.3027738529603683e-06,1,0,2af33589-a8ba-4c25-9ff1-3da461ecf822
200,45,18,1,0.02,0.02,0.02,13299,3000,3000,0.9998299319727891,0.9996598639455783,0.9917355371900827,0.999666690826416,1.0,0.999666690826416,0.0,0.0,5.416835083451588e-05,0.003315433650277555,9.590010199980437e-07,2.1918209827627074e-06,1,0,285f2bf0-b50b-4dfe-9752-7ab4ca17d597
200,21,12,0,0.5,0.5,0.5,13300,3000,3000,1.0,1.0,1.0,1.0,1.0,0.999666690826416,0.0,0.0,2.370594593230635e-05,0.0027537379413843156,4.47976314578674e-07,1.1025197349152126e-06,1,0,b45a9093-47ed-47e8-8a5a-74ac46359801
200,35,27,1,0.5,0.02,0.02,13300,3000,3000,0.9996598639455782,0.999764739229025,0.9836065573770492,0.9993333220481873,1.0,0.9993333220481873,0.0,0.0,3.6947409535059704e-05,0.0034965403378009797,6.430564328620312e-07,6.425843467687685e-06,1,0,e78d9015-547c-4624-81d2-00e36f1a7c60
200,30,5,1,0.5,0.5,0.5,13300,3000,3000,0.9993333333333334,0.9999995555555556,0.9993328885923949,0.9993333220481873,1.0,0.9990000128746033,0.0,0.0,4.321132873883471e-05,0.0020097052212804554,6.944638852378147e-07,1.110875527051958e-05,1,0,a0c86f42-f6b1-4042-921e-8207874d1b4c
200,40,4,0,0.5,0.02,0.02,13300,3000,3000,0.9998299319727891,0.9999943310657597,0.9917355371900827,0.999666690826416,1.0,0.999666690826416,0.0,0.0,0.00012636106548598037,0.0010827381745912134,5.740097024331692e-06,2.0977120149672535e-05,1,0,43d8d370-301e-4407-9945-24227f24dadd
200,32,12,1,0.5,0.02,0.02,13300,3000,3000,0.9998299319727891,0.9996683673469388,0.9917355371900827,0.999666690826416,1.0,0.9990000128746033,0.0,0.0,4.0746298327576366e-05,0.007775572966784239,7.27676423015131e-07,3.0080597717229133e-06,1,0,772abbd1-430c-4a2d-9a00-7ae8d8e47119
200,22,6,1,0.02,0.02,0.02,13299,3000,3000,1.0,1.0,1.0,1.0,1.0,1.0,0.0,0.0,2.543457376305014e-05,5.2954757120460275e-05,7.91449410315936e-07,8.183692140382856e-07,1,0,32ba2571-8c9b-4498-91be-e2e9d55c040c
200,48,19,1,0.5,0.02,0.02,13300,3000,3000,0.9993197278911565,0.9996598639455782,0.967741935483871,0.9986666440963745,1.0,0.9993333220481873,0.0,0.0,5.247327280812897e-05,0.006613842491060495,9.240063237532582e-07,5.240430837205407e-06,1,0,405b0da7-0d69-4886-8d68-70f843410af4
200,36,8,0,0.5,0.02,0.02,13300,3000,3000,0.9994897959183673,0.9996428571428572,0.975609756097561,0.9990000128746033,1.0,0.9993333220481873,0.0,0.0,7.461213899659925e-05,0.001106487144716084,9.378636145292111e-07,8.473134233792342e-06,1,0,0b656454-1dd3-4ac7-94e1-0bffd4e116c9
200,44,5,0,0.02,0.02,0.02,13299,3000,3000,1.0,1.0,1.0,1.0,1.0,0.999666690826416,0.0,0.0,6.339781684800982e-05,0.0013135891640558839,1.778514391419091e-06,9.440629216299441e-07,1,0,aecbef56-81e9-4e02-9b00-92309667f46e
200,26,23,1,0.02,0.02,0.02,13299,3000,3000,1.0,1.0,1.0,1.0,1.0,0.999666690826416,0.0,0.0,2.5945288143702783e-05,0.0007735691498965025,4.598470779227403e-07,1.6156237969418225e-06,1,0,924a1605-55e2-4158-be10-8356b8d0927e
200,48,20,1,0.02,0.02,0.02,13299,3000,3000,0.9916666666666667,1.0,0.9915966386554621,0.999666690826416,1.0,1.0,0.0,0.0,5.5490134036517703e-05,5.8097202054341326e-05,9.828912227342508e-07,1.0434451496346217e-06,1,0,d493f061-37f4-48af-a392-06ea0fe83f08
200,13,14,0,0.5,0.02,0.02,13300,3000,3000,0.9998299319727891,0.9996853741496599,0.9917355371900827,0.999666690826416,1.0,0.9993333220481873,0.0,0.0,1.3728066096518888e-05,0.0047866848297417166,2.367758291112022e-07,2.4700927923633093e-06,1,0,45cfc798-cd90-45f2-8cef-2209821e051c
200,47,21,0,0.02,0.02,0.02,13299,3000,3000,1.0,1.0,1.0,1.0,1.0,1.0,0.0,0.0,5.783949964097701e-05,0.00017780046182451769,1.0923661160447179e-06,2.465369512403887e-06,1,0,d84f3a1f-6647-4a23-9904-9b264ac33f7f
200,52,11,0,0.5,0.02,0.02,13300,3000,3000,0.9998299319727891,0.9996598639455783,0.9917355371900827,0.999666690826416,1.0,0.9993333220481873,0.0,0.0,6.468359642894939e-05,0.005087622441351414,1.1625037231637384e-06,5.305345075536806e-07,1,0,2506c6bd-f345-4532-a8fe-d853ad3cf1b5
200,53,7,1,0.02,0.02,0.02,13299,3000,3000,0.9996598639455782,0.9993197278911564,0.9836065573770492,0.9993333220481873,1.0,0.999666690826416,0.0,0.0,6.606225579162129e-05,0.004664790909737348,1.1795726061425506e-06,6.566066656354025e-06,1,0,7874f129-020d-43dc-b664-7eb15615bdf6
200,28,7,0,0.02,0.02,0.02,13299,3000,3000,0.9916666666666667,0.9991836734693877,0.9915966386554621,0.999666690826416,0.9999247789382935,1.0,0.0,0.0,0.00018880684074247257,0.0002524163981433958,1.4961814222310887e-06,1.241454523788003e-06,1,0,cad6c723-a967-44d9-84f8-3a07feb7796a
200,57,1,1,0.5,0.02,0.02,13300,3000,3000,0.9996598639455782,0.9996598639455783,0.9836065573770492,0.9993333220481873,1.0,0.9986666440963745,0.0,0.0,0.001086874073371291,0.008386447560042143,1.6042988414659225e-05,2.6744605278405976e-05,1,0,b9180e35-c20d-4ec7-b742-e32698787abc
200,28,15,1,0.5,0.02,0.02,13300,3000,3000,0.9996598639455782,0.9996598639455783,0.9836065573770492,0.9993333220481873,1.0,0.999666690826416,0.0,0.0,2.9622448346344753e-05,0.002901628171093762,5.130975878383939e-07,9.578605423219413e-08,1,0,ad1390bd-e36d-4624-99f6-a89fee916536
200,57,14,1,0.02,0.02,0.02,13299,3000,3000,0.9916666666666667,1.0,0.9915966386554621,0.999666690826416,1.0,1.0,0.0,0.0,8.774038651608862e-05,0.00024110974336508662,1.605546218161127e-06,2.068851201565904e-06,1,0,10f17e2f-49a5-4d34-895b-d1a34e678145
200,47,4,0,0.5,0.02,0.02,13300,3000,3000,1.0,1.0,1.0,1.0,0.9998496174812317,0.9993333220481873,0.0,0.0,0.0006484348676167428,0.004319272888824344,7.87474933763717e-06,1.5690943122849068e-05,1,0,c6f39558-3e9c-4e35-81f6-8ff4c987ac94
200,38,20,0,0.5,0.02,0.02,13300,3000,3000,0.9996598639455782,0.9996598639455782,0.9836065573770492,0.9993333220481873,1.0,0.9983333349227905,0.0,0.0,4.615733159880619e-05,0.007852364517748355,8.376790129252696e-07,3.6051085404580297e-06,1,0,0ec0e23c-d6f6-4133-a2c5-c4b52f46e42d
200,55,26,1,0.5,0.5,0.5,13300,3000,3000,0.9996666666666667,1.0,0.9996665555185061,0.999666690826416,1.0,0.9993333220481873,0.0,0.0,7.348342260229401e-05,0.0025985301239416004,1.3573637374156863e-06,1.2206500240005228e-06,1,0,2d633cd4-ef65-4752-beeb-6e1786fbd549
200,15,14,0,0.02,0.02,0.02,13299,3000,3000,0.9996598639455782,0.9996541950113378,0.9836065573770492,0.9993333220481873,1.0,0.999666690826416,0.0,0.0,1.5392472869280026e-05,0.0004923552856780589,2.6604100116977584e-07,2.3239636484993314e-07,1,0,114ee1d0-98f1-49d2-a07e-e6adaac2cf1f
200,12,12,1,0.02,0.02,0.02,13299,3000,3000,1.0,1.0,1.0,1.0,1.0,1.0,0.0,0.0,1.670508263487136e-05,0.0002676993783097714,2.8829429822548644e-07,9.707290255606086e-07,1,0,d56949a3-bf1b-4500-b8c2-8523e1b0779e
200,44,14,0,0.5,0.5,0.5,13300,3000,3000,0.9996666666666666,0.9999995555555555,0.9996667777407531,0.999666690826416,1.0,0.9990000128746033,0.0,0.0,9.660716459620744e-05,0.00173195005627349,1.1905728157354677e-06,9.277967569900362e-06,1,0,021d203c-94a7-45b4-8cc0-ac23687e6858
200,19,23,0,0.5,0.02,0.02,13300,3000,3000,0.9994897959183673,0.9996626984126984,0.975609756097561,0.9990000128746033,1.0,0.999666690826416,0.0,0.0,1.8419117623125203e-05,0.0019969639368355276,3.1495435043011735e-07,2.4710569267399257e-07,1,0,27e4cc2e-6b26-4861-b5a0-e5a4239ea6ae
200,38,3,0,0.5,0.5,0.5,13300,3000,3000,0.9990000000000001,0.998994222222222,0.9990003332222592,0.9990000128746033,0.9995488703250885,0.9989333391189575,0.00010089298855788682,0.0001333475112915039,0.004262065538205207,0.009100661985576153,0.0004985888585677175,0.0005196497925102571,1,0,07f7bb0e-b825-4512-a815-79da5e0d4397
200,15,21,1,0.02,0.02,0.02,13299,3000,3000,0.9998299319727891,0.9999886621315193,0.9917355371900827,0.999666690826416,1.0,0.9993333220481873,0.0,0.0,1.3853678774466971e-05,0.003433497832156718,2.3825971886885903e-07,2.9254150636017035e-06,1,0,6a0d3cc6-1d96-4bae-8cd1-dcba22365274
200,19,5,1,0.5,0.5,0.5,13300,3000,3000,0.9996666666666667,0.9999995555555555,0.9996665555185061,0.999666690826416,1.0,0.999666690826416,0.0,0.0,2.367289944231743e-05,0.0069112478289753195,4.244640488410499e-07,5.015274154422173e-06,1,0,fa6cc0df-1f09-49d2-aebb-042bc34d117f
200,32,7,0,0.5,0.5,0.5,13300,3000,3000,0.9996666666666667,0.9993333333333333,0.9996665555185061,0.999666690826416,0.9999248385429382,0.9990000128746033,0.0,0.0,0.00016219638928305358,0.005397581122815609,1.1114245390095355e-06,7.070801477442112e-06,1,0,59bea2e9-efe1-4fc0-b295-7909cbc30eef
200,35,14,1,0.02,0.02,0.02,13299,3000,3000,0.9916666666666667,1.0,0.9915966386554621,0.999666690826416,1.0,1.0,0.0,0.0,4.39803578046849e-05,0.00017219491564901546,7.76080630316856e-07,1.7887584795551488e-06,1,0,f33c81ab-9790-4f85-99bd-6ef955400a69
200,54,1,0,0.5,0.5,0.5,13300,3000,3000,0.9983333333333333,0.999,0.9983305509181971,0.9983333349227905,0.998195469379425,0.996999979019165,0.0,0.0,0.01234606308862567,0.0229737127199769,1.4019935792066372e-05,7.867174936685495e-06,1,0,810106e4-621b-40da-9d01-809486f0340a
200,59,22,1,0.02,0.02,0.02,13299,3000,3000,0.9916666666666667,0.9999943310657596,0.9915966386554621,0.999666690826416,1.0,1.0,0.0,0.0,7.605619975947775e-05,9.47424974583555e-05,1.3579630985010853e-06,1.566821300841967e-06,1,0,a82aff1d-4571-4146-8833-9d020e5ea3a2
200,55,19,0,0.5,0.02,0.02,13300,3000,3000,0.9994897959183673,0.9993253968253969,0.975609756097561,0.9990000128746033,1.0,0.9986666440963745,0.0,0.0,6.36829572613351e-05,0.002679984481073916,1.1499932358056125e-06,1.095685868608306e-05,1,0,3f702d15-2e1a-4785-b749-f55c9ae8590a
200,44,23,1,0.5,0.02,0.02,13300,3000,3000,0.9996598639455782,0.9996598639455782,0.9836065573770492,0.9993333220481873,1.0,0.999666690826416,0.0,0.0,4.9440174916526305e-05,0.0046138445846736435,8.718260878193208e-07,1.2964463146552842e-06,1,0,a0392f4a-75bd-4ec7-aa1f-cac854b50128
200,58,16,1,0.5,0.02,0.02,13300,3000,3000,0.9996598639455782,0.9996598639455783,0.9836065573770492,0.9993333220481873,1.0,0.999666690826416,0.0,0.0,6.619698324357159e-05,0.0006053069431800395,1.1894380896492124e-06,5.167995915368543e-06,1,0,b564c6c4-8285-4f47-8a4b-f76e6c40c536
200,53,17,1,0.5,0.5,0.5,13300,3000,3000,0.9993333333333333,0.9999991111111112,0.9993333333333333,0.9993333220481873,1.0,0.999666690826416,0.0,0.0,5.8061976233148016e-05,0.0025085097178816794,1.0173173053369264e-06,7.684403726455151e-07,1,0,6da6b22f-7382-48fc-8c2f-81bfe4ff9d16
200,33,9,1,0.02,0.02,0.02,13299,3000,3000,0.9998299319727891,1.0,0.9917355371900827,0.999666690826416,1.0,0.999666690826416,0.0,0.0,4.464118392206728e-05,0.00044628141331486403,7.887932474064736e-07,1.7327520704937744e-06,1,0,9ffac8b9-44e0-4f0a-a11f-89c02a18a813
200,51,19,0,0.5,0.02,0.02,13300,3000,3000,0.9994897959183673,0.9996400226757369,0.975609756097561,0.9990000128746033,1.0,0.9990000128746033,0.0,0.0,6.945453860680572e-05,0.004849703656509519,1.3023185371802618e-06,3.848540297094194e-06,1,0,2d54c950-6ea3-495f-a81e-6e20644a3a2d
200,18,13,1,0.02,0.02,0.02,13299,3000,3000,0.9913265306122448,0.9996740362811791,0.9752066115702478,0.9990000128746033,1.0,0.9993333220481873,0.0,0.0,2.3096710719983093e-05,0.00275362313259393,4.30669871435974e-07,5.078769908789059e-06,1,0,6366585d-439a-4f07-9b89-5c6589a183f6
200,17,25,1,0.5,0.5,0.5,13300,3000,3000,0.9996666666666667,0.9993333333333333,0.9996665555185061,0.999666690826416,1.0,0.9990000128746033,0.0,0.0,1.460518342355499e-05,0.001934215473011136,2.489461791246913e-07,7.116263594187056e-06,1,0,4acc8943-af40-4b5a-8444-588a4d9c3b0f
200,48,2,1,0.5,0.5,0.5,13300,3000,3000,0.9996666666666667,0.9999977777777778,0.9996665555185061,0.999666690826416,1.0,0.9990000128746033,0.0,0.0,0.00012122838961659,0.0064139686524868015,2.5110626409635453e-06,6.4120277439836375e-06,1,0,9e3251d1-e7d2-4e0e-a7de-50e8ab8e8594
200,57,22,0,0.5,0.02,0.02,13300,3000,3000,0.9994897959183673,0.9993197278911565,0.975609756097561,0.9990000128746033,1.0,0.9990000128746033,0.0,0.0,8.089811744866892e-05,0.005489403521642089,1.5016401694000006e-06,1.5025627011854688e-05,1,0,f3ca6421-942a-44db-858e-0a6ef0129f2f
200,35,24,0,0.02,0.02,0.02,13299,3000,3000,0.9916666666666667,1.0,0.9915966386554621,0.999666690826416,1.0,0.999666690826416,0.0,0.0,3.383236835361458e-05,0.0038381363730877636,5.885618739642501e-07,1.5600902499613303e-06,1,0,8adac841-ddc3-4558-9754-2975d1f4b7e2
200,57,7,1,0.5,0.02,0.02,13300,3000,3000,0.9998299319727891,0.9996598639455783,0.9917355371900827,0.999666690826416,1.0,0.9993333220481873,0.0,0.0,8.464167331112549e-05,0.0008379317761864514,1.5339686547179795e-06,9.61390561796622e-06,1,0,5506c6a3-2fd1-43f8-bdc7-5b7fe278fe36
200,10,9,0,0.02,0.02,0.02,13299,3000,3000,1.0,1.0,1.0,1.0,1.0,1.0,0.0,0.0,1.0634200316417264e-05,8.512497515766881e-05,1.9229539324710038e-07,2.3315793046164157e-06,1,0,9dccd161-5c9f-4ddb-8836-a44dfd707d7a
200,41,17,1,0.5,0.5,0.5,13300,3000,3000,1.0,1.0,1.0,1.0,1.0,0.9993333220481873,0.0,0.0,4.0930101386038585e-05,0.0029675327241420746,7.174874263284804e-07,9.692782368716801e-07,1,0,8ea78a83-5fee-49d5-a6ed-d1ee5553b472
200,16,7,0,0.5,0.02,0.02,13300,3000,3000,0.9996598639455782,1.0,0.9836065573770492,0.9993333220481873,1.0,0.999666690826416,0.0,0.0,5.326107457221951e-05,0.001747083547525108,7.249645335132007e-07,2.106031496345927e-06,1,0,1de0b420-a968-48e8-8509-a059dd1658f5
200,35,3,0,0.5,0.02,0.02,13300,3000,3000,0.9994897959183673,0.999671201814059,0.975609756097561,0.9990000128746033,1.0,0.9990000128746033,0.0,0.0,0.0006230608327314257,0.004649709677323699,1.7056476394425347e-05,2.5507550105364152e-05,1,0,2a2d9b02-4aac-42d7-8c29-bf8db8465c33
200,56,12,0,0.5,0.02,0.02,13300,3000,3000,0.9994897959183673,0.9996626984126984,0.975609756097561,0.9990000128746033,1.0,0.9990000128746033,0.0,0.0,7.150222372729332e-05,0.007931210193783044,1.4963746140652084e-06,1.0295697326719753e-05,1,0,8ce76681-1f0c-4489-83f8-313c82a38bb0
200,45,15,1,0.02,0.02,0.02,13299,3000,3000,0.9831632653061225,0.9999886621315193,0.9747899159663865,0.9990000128746033,1.0,1.0,0.0,0.0,4.884681293333415e-05,5.979204761388246e-05,8.549223716319379e-07,1.0632067371301676e-06,1,0,0ecf2eac-4ec3-41d2-a349-ff114ff2fbe8
200,18,1,1,0.5,0.5,0.5,13300,3000,3000,0.9996666666666667,1.0,0.9996665555185061,0.999666690826416,0.9996992349624634,0.9983333349227905,0.0,0.0,0.002601523627527058,0.008778816554695368,2.2926719215487285e-06,6.018975687915224e-06,1,0,1cecef05-9a78-41f5-a049-64e8ece459ca
200,32,22,1,0.5,0.02,0.02,13300,3000,3000,0.9998299319727891,1.0,0.9917355371900827,0.999666690826416,1.0,1.0,0.0,0.0,3.209672322554979e-05,0.0002336876859772019,5.590249191149691e-07,1.2968433810309567e-06,1,0,7ea45505-c73c-422f-b905-64a4f954871f
200,46,7,1,0.02,0.02,0.02,13299,3000,3000,0.9916666666666667,1.0,0.9915966386554621,0.999666690826416,1.0,0.999666690826416,0.0,0.0,6.220701434358488e-05,0.0008250133600085974,1.0988068326354333e-06,3.2661971382667177e-07,1,0,86b23ae2-a6e2-4cef-8774-6890f3f65e8a
200,51,19,1,0.5,0.02,0.02,13300,3000,3000,0.9996598639455782,0.9996655328798185,0.9836065573770492,0.9993333220481873,1.0,0.9993333220481873,0.0,0.0,7.732437370577827e-05,0.009959089197218418,1.3816711952956478e-06,4.219015667777973e-06,1,0,5eb54a05-b9db-4fcc-8255-1c527d26ea2a
200,14,10,1,0.5,0.5,0.5,13300,3000,3000,0.9996666666666667,0.9993333333333333,0.9996665555185061,0.999666690826416,1.0,0.9990000128746033,0.0,0.0,1.346856652162387e-05,0.003304330143146217,2.3048779314449525e-07,1.5256982103951967e-06,1,0,5c76081a-3345-4b5b-ac30-835a39296b2e
200,47,6,0,0.02,0.02,0.02,13299,3000,3000,1.0,1.0,1.0,1.0,1.0,0.999666690826416,0.0,0.0,6.37840188574046e-05,0.003713889978826046,1.17740585214337e-06,1.6891469707112739e-06,1,0,4a344fe5-1dc9-43e8-8d37-66bad7566451
200,17,14,0,0.02,0.02,0.02,13299,3000,3000,0.9916666666666667,1.0,0.9915966386554621,0.999666690826416,1.0,1.0,0.0,0.0,1.6761130609665997e-05,0.0001137638471846003,2.917536139703676e-07,2.6073882930909495e-07,1,0,b3b99a06-91bc-49ae-8b6c-2f7223c346ca
200,55,17,1,0.5,0.02,0.02,13300,3000,3000,0.9998299319727891,0.9999489795918367,0.9917355371900827,0.999666690826416,1.0,0.999666690826416,0.0,0.0,5.792469455627725e-05,0.0014782332931645215,1.0426241659421019e-06,1.2912268645507616e-06,1,0,892d3b66-1469-4a7c-a680-f437ad202771
200,13,26,0,0.5,0.5,0.5,13300,3000,3000,1.0,1.0,1.0,1.0,1.0,1.0,0.0,0.0,1.0762728743429762e-05,0.00026222666492685675,1.820685482590826e-07,3.342620848117735e-06,1,0,0d4df66d-27e0-4112-a241-bed41e3cead3
200,40,22,1,0.5,0.02,0.02,13300,3000,3000,0.9996598639455782,0.9993310657596373,0.9836065573770492,0.9993333220481873,1.0,0.9990000128746033,0.0,0.0,3.994008511654101e-05,0.011796858534216881,7.017038721952451e-07,3.7448474749629513e-06,1,0,6a8364cd-9577-4c95-a1a2-dd40e0a4d962
200,17,16,1,0.5,0.02,0.02,13300,3000,3000,0.9996598639455782,0.9996626984126984,0.9836065573770492,0.9993333220481873,1.0,0.9993333220481873,0.0,0.0,1.534394014015561e-05,0.004688672116026282,2.6229316446443673e-07,3.6436624671260887e-06,1,0,309f2cc1-8a71-4807-ae38-c97c53886b51
200,43,18,0,0.02,0.02,0.02,13299,3000,3000,0.9916666666666667,1.0,0.9915966386554621,0.999666690826416,1.0,0.999666690826416,0.0,0.0,4.951461487507913e-05,0.0018708813353441657,8.884690512186196e-07,2.025428308061362e-06,1,0,b90694e3-5682-42df-b6be-7af6463405b0
200,39,8,1,0.02,0.02,0.02,13299,3000,3000,0.9994897959183673,0.9993509070294785,0.975609756097561,0.9990000128746033,1.0,0.999666690826416,0.0,0.0,5.847375068697147e-05,0.0006421082012820989,1.0437398566911656e-06,3.9927802815305833e-07,1,0,21893f9b-f9ce-4ea7-99b3-40242da1d0bf
200,41,14,0,0.5,0.5,0.5,13300,3000,3000,0.9996666666666666,0.9999986666666666,0.9996667777407531,0.999666690826416,1.0,0.9986666440963745,0.0,0.0,4.593600024236366e-05,0.008932329341769218,8.24490938080527e-07,3.4822876437794235e-06,1,0,1fd671ff-f196-4e55-b48d-16f97d0aa58d
200,24,14,1,0.5,0.02,0.02,13300,3000,3000,0.9996598639455782,0.9993197278911565,0.9836065573770492,0.9993333220481873,1.0,0.9993333220481873,0.0,0.0,2.5392946918145752e-05,0.010127267893403768,4.2976670414353786e-07,4.3125856657366036e-06,1,0,9cbef28b-6a4c-4906-948e-7ad0cb1a0e10
200,23,25,0,0.5,0.02,0.02,13300,3000,3000,0.9998299319727891,0.9996598639455783,0.9917355371900827,0.999666690826416,1.0,0.9993333220481873,0.0,0.0,2.237674270872958e-05,0.005502999667078257,3.8780795395139923e-07,6.597129015977712e-06,1,0,7f7b29b2-e4f1-495e-94ea-aeb842d15dcd
200,53,4,0,0.5,0.5,0.5,13300,3000,3000,1.0,1.0,1.0,1.0,0.9999248385429382,0.9990000128746033,0.0,0.0,0.0005907713959459216,0.0019381583901122213,4.756925066590839e-06,9.40219073950037e-06,1,0,b0d1b8f1-b46a-47a0-902f-96762c62e475
200,49,9,1,0.5,0.5,0.5,13300,3000,3000,1.0,1.0,1.0,1.0,1.0,0.9993333220481873,0.0,0.0,6.395404052454978e-05,0.002532199607230723,1.111667453592222e-06,6.840704238315549e-06,1,0,12c68782-9a66-41fa-89af-fc9fb801dfcf
200,28,8,0,0.5,0.5,0.5,13300,3000,3000,0.9996666666666667,0.9993333333333333,0.9996665555185061,0.999666690826416,1.0,0.999666690826416,0.0,0.0,6.066243404347915e-05,0.005372444773092866,1.2599118156312303e-06,5.1109129212441685e-06,1,0,2086e862-80f8-471b-8b6d-ea8490a54adf
200,24,5,0,0.5,0.5,0.5,13300,3000,3000,1.0,1.0,1.0,1.0,1.0,0.999666690826416,0.0,0.0,6.693055620416999e-05,0.005795936938375235,1.1350075199172928e-06,6.131377012275566e-06,1,0,1b764e97-70b2-49d8-a138-4ca7a1145837
200,53,10,0,0.5,0.02,0.02,13300,3000,3000,0.9998299319727891,0.9999999999999999,0.9917355371900827,0.999666690826416,1.0,0.999666690826416,0.0,0.0,0.00019951654685428365,0.001488392276223749,1.863143317567183e-06,1.2133576953540847e-05,1,0,633b3f78-cde5-461f-b9d9-8dea26701b8b
200,40,24,0,0.02,0.02,0.02,13299,3000,3000,0.9916666666666667,1.0,0.9915966386554621,0.999666690826416,1.0,0.999666690826416,0.0,0.0,4.408525819599163e-05,0.0005360222887247801,7.879661313203746e-07,6.44256823783095e-07,1,0,76faa5ca-f14b-4711-8100-2653015829c1
200,18,15,0,0.02,0.02,0.02,13299,3000,3000,1.0,1.0,1.0,1.0,1.0,1.0,0.0,0.0,2.1865715643798468e-05,7.232955540530384e-05,4.289638970467855e-07,8.820562466730616e-07,1,0,0726c2ae-e2d7-454c-b399-f271253b4efc
200,47,5,0,0.5,0.02,0.02,13300,3000,3000,0.9996598639455782,0.9996541950113378,0.9836065573770492,0.9993333220481873,0.9998496174812317,0.999666690826416,0.0,0.0,0.00036963466554880143,0.00547880744561553,1.961475141602122e-06,5.849936249943205e-06,1,0,325afbc8-864f-45aa-9c86-ffbecd301fe1
200,28,7,1,0.5,0.5,0.5,13300,3000,3000,1.0,1.0,1.0,1.0,1.0,0.999666690826416,0.0,0.0,5.664823183906265e-05,0.0018172518699429928,8.171004474543302e-07,5.445259847810206e-07,1,0,a359f530-8bd9-40d2-b78b-4386fed89fd2
200,57,8,0,0.5,0.02,0.02,13300,3000,3000,0.9998299319727891,0.9996598639455783,0.9917355371900827,0.999666690826416,1.0,0.9993333220481873,0.0,0.0,9.021697478601709e-05,0.0030335929011926057,1.588811888065881e-06,6.196394155036858e-06,1,0,9755554d-9b0d-4186-877b-582347bf752b
200,45,26,1,0.5,0.5,0.5,13300,3000,3000,0.9993333333333334,0.9993333333333333,0.9993328885923949,0.9993333220481873,1.0,0.9990000128746033,0.0,0.0,4.395394535094965e-05,0.010153021663427353,7.656799482541094e-07,5.782116530766856e-06,1,0,9d122287-4840-444a-84ce-c168adb2de70
200,48,3,0,0.5,0.02,0.02,13300,3000,3000,1.0,1.0,1.0,1.0,0.9985714554786682,1.0,0.0,0.0,0.010039906296879054,0.005616676621139049,1.6227291179306573e-05,5.4389236147965146e-05,1,0,22fa2ab2-53ca-46f7-b641-aeae03096019
200,28,1,1,0.02,0.02,0.02,13299,3000,3000,1.0,1.0,1.0,1.0,0.9997743964195251,0.999666690826416,0.0,0.0,0.002019948838278651,0.002367804548703134,6.551849770648704e-06,7.68450364201226e-06,1,0,535bc0f4-c0e0-40c0-926a-e57e140e200c
200,52,18,1,0.5,0.5,0.5,13300,3000,3000,1.0,1.0,1.0,1.0,1.0,0.9990000128746033,0.0,0.0,5.8544858256937e-05,0.0030593847623094916,1.0360320667597362e-06,6.146774950104928e-06,1,0,36455e59-9935-498f-9769-35cd68c0bfc0
200,14,20,1,0.5,0.5,0.5,13300,3000,3000,1.0,1.0,1.0,1.0,1.0,0.999666690826416,0.0,0.0,1.2138881083956221e-05,0.006169389607384801,2.0452390126999138e-07,2.0647284642196558e-06,1,0,ac1d740a-ec82-4fd8-9076-97021964dca3
200,58,22,1,0.5,0.02,0.02,13300,3000,3000,0.9998299319727891,1.0,0.9917355371900827,0.999666690826416,1.0,0.9993333220481873,0.0,0.0,6.673852694802918e-05,0.004897689633071423,1.176807881584469e-06,6.782890852236877e-07,1,0,cc191433-8edb-46cb-adca-271648124f3f
200,37,19,1,0.5,0.02,0.02,13300,3000,3000,0.9996598639455782,0.9993253968253968,0.9836065573770492,0.9993333220481873,1.0,0.9990000128746033,0.0,0.0,4.2396903518238104e-05,0.007163319271057844,7.424603909551646e-07,4.7148697213635975e-06,1,0,f48c7f34-a67b-4644-bc57-338ea2e24cea
200,33,16,0,0.02,0.02,0.02,13299,3000,3000,1.0,1.0,1.0,1.0,1.0,0.999666690826416,0.0,0.0,3.367887620697729e-05,0.0012410447001457215,5.967713003323946e-07,1.7053344135147968e-07,1,0,3e986742-9b8c-4a3e-8ee4-7f81d234ceb9
200,14,27,1,0.5,0.02,0.02,13300,3000,3000,0.9998299319727891,0.9999886621315193,0.9917355371900827,0.999666690826416,1.0,0.9990000128746033,0.0,0.0,1.1392029955459293e-05,0.007392098102718592,1.9148592485835673e-07,8.93065700027323e-07,1,0,d5319e19-edc6-4135-8315-2ee4c76e6509
200,16,16,1,0.02,0.02,0.02,13299,3000,3000,0.9996598639455782,0.9996995464852607,0.9836065573770492,0.9993333220481873,1.0,0.999666690826416,0.0,0.0,1.9687397980305832e-05,0.0003889566898578778,3.430937112228917e-07,4.274856470644079e-07,1,0,876d6a73-c923-42ee-a523-e743267bd577
200,39,8,0,0.5,0.5,0.5,13300,3000,3000,0.9996666666666666,1.0,0.9996667777407531,0.999666690826416,1.0,0.9993333220481873,0.0,0.0,7.695159874856471e-05,0.004711973760277033,1.4333026082623414e-06,3.1552112635663315e-06,1,0,69b0ee56-d96a-43f2-824d-8b0fd70c62d1
200,59,10,1,0.02,0.02,0.02,13299,3000,3000,0.9998299319727891,0.9996598639455782,0.9917355371900827,0.999666690826416,1.0,0.999666690826416,0.0,0.0,9.325463470304385e-05,0.00037770074268337337,1.688687357979194e-06,5.259581653407993e-07,1,0,ad06ee28-5092-4967-8014-4e36061d92e9
200,48,19,0,0.5,0.5,0.5,13300,3000,3000,0.9990000000000001,0.9999991111111111,0.9989996665555185,0.9990000128746033,1.0,0.9993333220481873,0.0,0.0,5.7671558533911596e-05,0.005368000501766801,1.045695770524245e-06,1.049925979299312e-05,1,0,84e69785-8d3b-409f-b150-2ec02cb8ee3c
200,58,11,1,0.02,0.02,0.02,13299,3000,3000,0.9998299319727891,0.9996598639455782,0.9917355371900827,0.999666690826416,1.0,0.999666690826416,0.0,0.0,7.4868299998343e-05,0.002504060254432261,1.346737667909668e-06,2.994845208313122e-06,1,0,0a3854ec-430b-439a-973f-aaba8b79d271
200,52,23,1,0.5,0.02,0.02,13300,3000,3000,0.9998299319727891,0.9999489795918367,0.9917355371900827,0.999666690826416,1.0,0.9993333220481873,0.0,0.0,5.277313684928231e-05,0.0015125526930205523,9.206599760700143e-07,3.0402158102798543e-06,1,0,1b8330cf-d7f5-415b-9f6d-b141f5424185
200,22,29,0,0.02,0.02,0.02,13299,3000,3000,1.0,1.0,1.0,1.0,1.0,1.0,0.0,0.0,2.111595022142865e-05,4.2794383261934854e-05,3.652560191778969e-07,4.2601114841462916e-07,1,0,845f32bb-e58d-41da-a42a-4b7b49427a60
200,12,26,1,0.5,0.02,0.02,13300,3000,3000,0.9996598639455782,0.9996371882086167,0.9836065573770492,0.9993333220481873,1.0,0.999666690826416,0.0,0.0,1.151903452409897e-05,0.006736708013340831,1.9880188253284993e-07,2.22562255754329e-06,1,0,88af9694-ac95-4f3a-adec-2f15f5402895
200,48,15,1,0.02,0.02,0.02,13299,3000,3000,0.9916666666666667,1.0,0.9915966386554621,0.999666690826416,1.0,0.9993333220481873,0.0,0.0,6.223553282325156e-05,0.0036368839209899306,1.1089079753900582e-06,8.395252355539463e-06,1,0,c5b4e940-bca8-4798-a2ce-0dd03cc4097c
200,54,19,0,0.5,0.5,0.5,13300,3000,3000,1.0,1.0,1.0,1.0,1.0,0.9993333220481873,0.0,0.0,6.842217917437665e-05,0.0022738445550203323,1.2333682449936943e-06,1.0687079939454415e-05,1,0,4df56c99-74b3-4fbe-b8ab-79232173368e
200,21,1,1,0.5,0.02,0.02,13300,3000,3000,0.9994897959183673,0.9993197278911564,0.975609756097561,0.9990000128746033,0.9997744560241699,0.9986666440963745,0.0,0.0,0.0020604488207027318,0.007592099998146295,3.050455829088272e-06,2.6795480147044147e-05,1,0,b65bdb59-7838-46b0-9db0-845aa08c1536
200,18,3,0,0.02,0.02,0.02,13299,3000,3000,0.9831632653061225,0.9840873015873015,0.9747899159663865,0.9990000128746033,0.9997743964195251,0.9986666440963745,0.0,0.0,0.001334076514467597,0.008148856181651353,1.3488669008041584e-05,3.2300313159957315e-05,1,0,3292452a-9346-454a-b3e3-5b95b8a2ead4
200,20,13,1,0.5,0.5,0.5,13300,3000,3000,0.9996666666666667,0.9993333333333333,0.9996665555185061,0.999666690826416,1.0,0.9990000128746033,0.0,0.0,1.9725560377992224e-05,0.005247430130839348,3.4140687266715043e-07,2.421323350534237e-07,1,0,98712566-1245-40a7-a318-4711d72d8923
200,21,2,1,0.02,0.02,0.02,13299,3000,3000,0.9998299319727891,0.9996598639455783,0.9917355371900827,0.999666690826416,1.0,0.999666690826416,0.0,0.0,0.00024215363955590874,0.0010913773206993938,3.407882497999615e-06,4.647055909132484e-06,1,0,6f1910e0-0762-4770-8e96-42fab23f028a
200,42,23,0,0.5,0.5,0.5,13300,3000,3000,0.9993333333333333,0.9993364444444445,0.9993333333333333,0.9993333220481873,1.0,0.999666690826416,0.0,0.0,5.084722251922358e-05,0.0017474556108936668,9.254749270746596e-07,6.367969913903974e-06,1,0,7b2ba14e-8315-4158-b27f-3339ba2efa1b
200,36,23,0,0.5,0.5,0.5,13300,3000,3000,0.9996666666666667,0.9993364444444444,0.9996665555185061,0.999666690826416,1.0,0.9993333220481873,0.0,0.0,4.034388257423416e-05,0.001564780797343701,7.579590753761487e-07,8.68569253991751e-06,1,0,19e736e6-2263-48e5-8eda-b577431b1dd2
200,37,27,1,0.5,0.02,0.02,13300,3000,3000,0.9996598639455782,0.9996598639455783,0.9836065573770492,0.9993333220481873,1.0,0.999666690826416,0.0,0.0,3.545017279975582e-05,0.0002959652483696118,6.299727769156691e-07,4.146404712195597e-07,1,0,50af2de5-6cdd-425a-9a71-47081cc199d3
200,28,12,0,0.02,0.02,0.02,13299,3000,3000,0.9916666666666667,1.0,0.9915966386554621,0.999666690826416,1.0,1.0,0.0,0.0,2.5512529282423203e-05,2.6380423696537038e-05,4.4890602856796265e-07,4.699565963071081e-07,1,0,96501f87-ac73-4b7d-87f0-12c055fc1cb7
200,35,25,1,0.02,0.02,0.02,13299,3000,3000,1.0,1.0,1.0,1.0,1.0,1.0,0.0,0.0,3.4396821502014066e-05,0.0003689291450427845,5.967363787230235e-07,2.2222482638743704e-06,1,0,35aa07b6-f456-423d-b8ca-21672f0d130a
200,30,27,0,0.5,0.02,0.02,13300,3000,3000,0.9996598639455782,1.0,0.9836065573770492,0.9993333220481873,1.0,0.9993333220481873,0.0,0.0,3.314798341307324e-05,0.006639964645728469,5.828040796152843e-07,1.0235712054644932e-05,1,0,a18d80a5-a42d-4717-9a9a-9b6401cf47c3
200,16,23,1,0.5,0.5,0.5,13300,3000,3000,0.9996666666666667,0.9999991111111112,0.9996665555185061,0.999666690826416,1.0,0.9993333220481873,0.0,0.0,1.407022682542447e-05,0.0026198452804237606,2.378588117837318e-07,2.5290022967676674e-06,1,0,8ee5c119-5088-4536-a0e6-38fb3275e814
200,17,25,1,0.5,0.5,0.5,13300,3000,3000,0.9996666666666667,1.0,0.9996665555185061,0.999666690826416,1.0,0.999666690826416,0.0,0.0,1.4984588869992876e-05,0.0014287775265984237,2.574732277335945e-07,4.272037251935494e-06,1,0,40760c9b-e59e-423a-974c-b51f3c8bca00
200,13,17,0,0.02,0.02,0.02,13299,3000,3000,0.9916666666666667,0.9999149659863945,0.9915966386554621,0.999666690826416,1.0,0.999666690826416,0.0,0.0,1.203936008096207e-05,0.0019108820939436554,2.074495928810008e-07,2.1805929058971514e-06,1,0,550e89d0-a5f1-4d00-88c4-2d441d15bb9c
200,49,16,1,0.5,0.5,0.5,13300,3000,3000,0.9996666666666667,0.9999986666666667,0.9996665555185061,0.999666690826416,1.0,0.9993333220481873,0.0,0.0,5.5807373792049474e-05,0.0029468377586454155,9.898435139360824e-07,6.508292055281958e-06,1,0,78361ab1-e92f-442c-9aef-dd847576b8d0
200,42,11,1,0.02,0.02,0.02,13299,3000,3000,0.9916666666666667,1.0,0.9915966386554621,0.999666690826416,1.0,0.999666690826416,0.0,0.0,4.8331076322938314e-05,0.0011027197469957173,8.371985898712586e-07,5.71603907492315e-06,1,0,99236fb4-411d-4d45-b1d6-1e73b230bcf3
200,35,5,1,0.02,0.02,0.02,13299,3000,3000,0.9914965986394558,0.9996598639455782,0.9833333333333333,0.9993333220481873,1.0,0.9993333220481873,0.0,0.0,4.076706900377758e-05,0.0034300846979022025,7.011035860134707e-07,1.1093607868656833e-07,1,0,03d28b52-7a20-4211-ba60-3fb55a083e04
200,36,16,1,0.02,0.02,0.02,13299,3000,3000,0.9994897959183673,0.9997307256235828,0.975609756097561,0.9990000128746033,1.0,0.999666690826416,0.0,0.0,5.571044748649001e-05,0.0005203079024795442,1.0029729503503425e-06,1.079717633530286e-06,1,0,dbe14086-c786-452f-a370-5bc5f230e450
200,33,17,1,0.02,0.02,0.02,13299,3000,3000,0.9998299319727891,0.9996598639455783,0.9917355371900827,0.999666690826416,1.0,1.0,0.0,0.0,4.1880616481648755e-05,6.651442818110809e-05,7.402322371032038e-07,1.1049719022772942e-06,1,0,a948dc52-5abc-458b-9581-3e4dc413ea4f
200,45,7,0,0.5,0.02,0.02,13300,3000,3000,0.9996598639455782,0.9993707482993198,0.9836065573770492,0.9993333220481873,0.9995488524436951,0.999666690826416,0.0,0.0,0.0012754877912811934,0.005182241462171078,8.663756853616937e-06,4.886311645791304e-06,1,0,6c2a05ea-df8a-4fbb-b85f-dc30a41c9fa7
200,56,6,1,0.02,0.02,0.02,13299,3000,3000,0.9998299319727891,0.999812925170068,0.9917355371900827,0.999666690826416,1.0,0.9990333437919616,0.0,9.999275207519531e-05,0.00035728516522794964,0.0027278838213533165,7.982867051798605e-06,3.807823620023581e-05,1,0,b096ab82-0adf-4e6b-a3d1-97cfd452eae9
200,59,17,0,0.02,0.02,0.02,13299,3000,3000,1.0,1.0,1.0,1.0,1.0,0.999666690826416,0.0,0.0,6.82263300404884e-05,0.00038310529780574145,1.2260010161501697e-06,5.382041512923279e-06,1,0,70e4727d-0efa-431e-b9f3-cf7aa1ce68d6
200,42,16,1,0.02,0.02,0.02,13299,3000,3000,0.9914965986394558,0.9999886621315194,0.9833333333333333,0.9993333220481873,1.0,0.999666690826416,0.0,0.0,6.973524286877364e-05,0.003935954114422202,1.249118008142232e-06,5.58303736324838e-06,1,0,75b99902-2835-4f4e-a530-44084804f3d1
200,30,17,1,0.02,0.02,0.02,13299,3000,3000,1.0,1.0,1.0,1.0,1.0,0.9993333220481873,0.0,0.0,3.0057280673645438e-05,0.002720111282542348,5.260821746607248e-07,1.475624376103564e-06,1,0,76556f4d-7091-4d83-bea1-8983cea28d9b
200,39,18,0,0.02,0.02,0.02,13299,3000,3000,0.9916666666666667,1.0,0.9915966386554621,0.999666690826416,1.0,0.999666690826416,0.0,0.0,4.808401245099958e-05,0.0011793761746957897,8.524491810817095e-07,8.009509757626575e-07,1,0,d23ebaef-e6e2-4c0c-9457-45faf7c218f9
200,32,5,1,0.5,0.02,0.02,13300,3000,3000,0.9996598639455782,0.9993310657596373,0.9836065573770492,0.9993333220481873,1.0,0.9993333220481873,0.0,0.0,0.00021396671945694834,0.002995309932157397,3.1903425817400937e-06,4.028331671061257e-06,1,0,073b1cff-5767-475c-ba1b-1675789a1ae9
200,48,7,1,0.5,0.5,0.5,13300,3000,3000,1.0,1.0,1.0,1.0,1.0,0.999666690826416,0.0,0.0,7.02173805620987e-05,0.0005822453123982996,1.2506962241862998e-06,4.1454303020459305e-06,1,0,e0d216ee-3308-4785-bb2d-cd557c090d8d
200,49,12,0,0.5,0.02,0.02,13300,3000,3000,0.9996598639455782,0.9996598639455783,0.9836065573770492,0.9993333220481873,1.0,1.0,0.0,0.0,6.222521806193981e-05,0.00018786546133924275,1.1161689228835713e-06,2.5146525874151905e-06,1,0,d3282a7a-093a-4162-be98-09e210b2da4f
200,12,20,0,0.5,0.02,0.02,13300,3000,3000,0.9996598639455782,0.9993367346938775,0.9836065573770492,0.9993333220481873,1.0,0.9993333220481873,0.0,0.0,1.0647004728525644e-05,0.003614081139676273,1.8148241481560157e-07,3.6015977580474386e-06,1,0,b4622ff6-a606-4b43-8cfc-7ebfed26718a
200,40,22,0,0.5,0.5,0.5,13300,3000,3000,0.9993333333333334,0.9993382222222222,0.9993328885923949,0.9993333220481873,1.0,0.9993333220481873,0.0,0.0,4.191485095361713e-05,0.0019313055207021534,7.382444430341337e-07,4.890996104672211e-06,1,0,cabc896a-982c-4cd5-bce2-b3ce020a7ee6
200,52,24,0,0.5,0.02,0.02,13300,3000,3000,0.9996598639455782,0.9996626984126984,0.9836065573770492,0.9993333220481873,1.0,0.999666690826416,0.0,0.0,6.0685208882205186e-05,0.0023890127427875995,1.0809383594193292e-06,3.225519031020144e-06,1,0,a16ef476-ad32-43d1-b378-ede0b7c1b2a2
200,12,25,0,0.5,0.02,0.02,13300,3000,3000,1.0,1.0,1.0,1.0,1.0,0.9990000128746033,0.0,0.0,1.0672962162061594e-05,0.004889250081032514,1.8191327147794594e-07,8.024067063764291e-06,1,0,21af8bb6-31a4-43f9-ad7b-61816e714800
200,12,7,0,0.5,0.02,0.02,13300,3000,3000,0.9993197278911565,0.9993197278911564,0.967741935483871,0.9986666440963745,1.0,0.9994333326816559,0.0,0.0001527687660568238,5.846499952895101e-05,0.003637560410425067,1.959782101522054e-06,6.53698865944475e-05,1,0,eef7e9d7-b7c9-4e5a-bb20-0f8abce645a1
200,49,23,1,0.5,0.02,0.02,13300,3000,3000,0.9996598639455782,0.9996598639455782,0.9836065573770492,0.9993333220481873,1.0,1.0,0.0,0.0,5.516088967851829e-05,0.00024466377508360895,9.963519775665715e-07,2.6858293573402094e-06,1,0,3eef99af-eb06-415b-8f9f-8ba3c93929bd
200,54,27,0,0.02,0.02,0.02,13299,3000,3000,0.9916666666666667,1.0,0.9915966386554621,0.999666690826416,1.0,1.0,0.0,0.0,6.453786772908643e-05,7.515450561186298e-05,1.157848150259927e-06,1.2569133362443564e-06,1,0,8374d7d5-8fc4-4811-9fd7-843abb96fde6
200,17,15,1,0.5,0.5,0.5,13300,3000,3000,1.0,1.0,1.0,1.0,1.0,0.9990000128746033,0.0,0.0,1.5256519691320137e-05,0.008341535832732916,2.5816038205354396e-07,2.2050451793605715e-06,1,0,91a98af4-de7a-4f89-9fe1-442d70e50b8b
200,54,25,1,0.5,0.02,0.02,13300,3000,3000,0.9998299319727891,1.0,0.9917355371900827,0.999666690826416,1.0,0.9990000128746033,0.0,0.0,6.32606002909597e-05,0.010758621990680695,1.1306388095208123e-06,2.2501655410633718e-07,1,0,3973ca6a-fdf1-4610-abb0-655fe3c0e0f7
200,52,12,0,0.5,0.02,0.02,13300,3000,3000,0.9998299319727891,1.0,0.9917355371900827,0.999666690826416,1.0,0.999666690826416,0.0,0.0,7.901720819063485e-05,0.00802279682829976,1.4869188843930457e-06,1.955283443995205e-06,1,0,30bb3f68-fa14-42bf-bfd7-9f832218e7dd
200,18,12,1,0.02,0.02,0.02,13299,3000,3000,0.9998299319727891,0.9996598639455783,0.9917355371900827,0.999666690826416,1.0,0.9993333220481873,0.0,0.0,1.8041327166429255e-05,0.0011272995732724666,3.0817252951809353e-07,1.6376165459077112e-07,1,0,654699ef-3a1f-4175-99b6-b78f8b85d7dd
200,27,22,0,0.02,0.02,0.02,13299,3000,3000,1.0,1.0,1.0,1.0,1.0,0.999666690826416,0.0,0.0,2.799577359837713e-05,0.0003475000470643863,4.928981482714791e-07,1.4983090002285091e-06,1,0,08c2b25a-869c-48df-ba0a-39dfcaeedc3e
200,15,8,1,0.02,0.02,0.02,13299,3000,3000,0.9998299319727891,0.9999886621315192,0.9917355371900827,0.999666690826416,1.0,0.999666690826416,0.0,0.0,2.716606431931723e-05,0.0017047159373760224,4.887101221802601e-07,1.2976711865231315e-06,1,0,ff72af28-81f8-43bf-9062-2a6a3654433f
200,20,23,1,0.5,0.02,0.02,13300,3000,3000,0.9996598639455782,0.9996371882086168,0.9836065573770492,0.9993333220481873,1.0,0.9993333220481873,0.0,0.0,1.8271676890435628e-05,0.004402310587465763,3.1107674705628355e-07,6.909069105382941e-07,1,0,98b12ab3-06b2-4258-9330-a5bb1ff67046
200,58,7,0,0.5,0.02,0.02,13300,3000,3000,0.9996598639455782,0.9996598639455783,0.9836065573770492,0.9993333220481873,0.9995488524436951,0.9993333220481873,0.0,0.0,0.0005306076316628605,0.008496723975986243,5.236433973024205e-06,1.539419357039126e-05,1,0,42c67a37-b07e-43f4-a993-0c7af70aa824
200,36,19,1,0.5,0.5,0.5,13300,3000,3000,0.9996666666666667,0.9994173333333333,0.9996665555185061,0.999666690826416,1.0,0.9993333220481873,0.0,0.0,3.424629285291303e-05,0.0017104056081734599,5.976485738775866e-07,5.039911725431599e-06,1,0,d94d634d-d3a9-40c5-9e25-2b530f174734
200,38,22,0,0.02,0.02,0.02,13299,3000,3000,0.9998299319727891,0.9996768707482993,0.9917355371900827,0.999666690826416,1.0,0.999666690826416,0.0,0.0,4.1236262040911244e-05,0.001033093489240855,7.468566170329505e-07,2.6354481635447057e-07,1,0,3a3d3ed4-0e76-4bc1-87ba-2f327e484afd
200,35,28,1,0.5,0.02,0.02,13300,3000,3000,0.9996598639455782,0.9993197278911564,0.9836065573770492,0.9993333220481873,1.0,0.9993333220481873,0.0,0.0,3.4513117861934005e-05,0.012238356471061706,6.016008185873424e-07,7.129191916268876e-06,1,0,214cfe19-cb14-4f49-9068-99e0930903c4
200,52,21,0,0.5,0.5,0.5,13300,3000,3000,1.0,1.0,1.0,1.0,1.0,0.9986666440963745,0.0,0.0,5.8238999190507454e-05,0.00816101599484682,1.0352387846324131e-06,6.253714291418546e-06,1,0,7fe6a932-1162-4c88-b3bd-897b05cbbd29
200,27,6,0,0.5,0.02,0.02,13300,3000,3000,0.9996598639455782,0.9995181405895691,0.9836065573770492,0.9993333220481873,0.9998496174812317,0.999399995803833,0.0,0.00013334751129150392,0.0004421220568474382,0.0016447557718493044,2.137713159362882e-06,7.443715357815595e-05,1,0,63955923-4332-48fa-8d54-3dc58f0c5417
200,44,26,1,0.5,0.5,0.5,13300,3000,3000,0.9996666666666667,0.9993333333333333,0.9996665555185061,0.999666690826416,1.0,0.999666690826416,0.0,0.0,4.869041731581092e-05,0.0024032417917624117,8.605435412247746e-07,2.140774812617043e-06,1,0,667ae441-2797-4128-9c2a-0f4326b8b33e
200,51,10,0,0.5,0.02,0.02,13300,3000,3000,0.9998299319727891,0.9997448979591836,0.9917355371900827,0.999666690826416,1.0,0.9993333220481873,0.0,0.0,8.819665818009526e-05,0.006323754694312811,1.1204311256046067e-06,9.351083694256802e-06,1,0,c9560f7f-b9e3-4dc8-a683-18680054a5f8
200,54,12,0,0.5,0.5,0.5,13300,3000,3000,0.9996666666666667,0.9993333333333333,0.9996665555185061,0.999666690826416,1.0,0.9990000128746033,0.0,0.0,7.561482343589886e-05,0.004363288963213563,2.1129292053814563e-06,4.508245636665176e-06,1,0,74615227-51ce-4465-92cf-eb992abe1b2e
200,56,27,1,0.5,0.02,0.02,13300,3000,3000,0.9994897959183673,0.9996598639455783,0.975609756097561,0.9990000128746033,1.0,0.9993333220481873,0.0,0.0,6.205919235071632e-05,0.010270887147635221,1.094276144139943e-06,1.7819181735914198e-06,1,0,a0ca60f8-cc73-4e3f-aba9-2d1242a49500
200,40,1,0,0.5,0.02,0.02,13300,3000,3000,0.5,0.5,0.0,0.9800000190734863,0.49544360637664797,0.5960000112652779,0.0033739519958856496,0.47030204017743343,0.6931761562824249,0.6926520645618439,5.054421160306068e-06,0.0011963923315744045,1,0,b03d9a54-08ab-4911-ad92-bbf9d54acd50
200,59,6,0,0.5,0.5,0.5,13300,3000,3000,1.0,1.0,1.0,1.0,1.0,0.9983333349227905,0.0,0.0,8.862348913680762e-05,0.011991857923567295,1.3751193974341882e-06,7.3537238771633254e-06,1,0,c6c64ed9-16ae-4c96-bdb2-2565804cfdee
200,44,17,1,0.5,0.5,0.5,13300,3000,3000,0.9996666666666667,1.0,0.9996665555185061,0.999666690826416,1.0,0.999666690826416,0.0,0.0,4.9066756037063894e-05,0.0041381679475307465,8.646351177766438e-07,2.6574804581385637e-07,1,0,6b2fa593-431c-479e-b416-96605a829129
200,34,26,1,0.5,0.5,0.5,13300,3000,3000,1.0,1.0,1.0,1.0,1.0,0.9986666440963745,0.0,0.0,3.235154836147558e-05,0.013384825922548771,5.556543939903305e-07,5.854627927585421e-06,1,0,7ad92aff-8060-4c13-bcc0-4cd666bb47e2
200,46,5,0,0.5,0.02,0.02,13300,3000,3000,0.9998299319727891,1.0,0.9917355371900827,0.999666690826416,1.0,0.9986666440963745,0.0,0.0,0.0003009708598256111,0.0041538173332810405,4.835784557941668e-06,1.1217083604129151e-05,1,0,3c48bd07-5003-41fc-a6a4-0557b9f7e937
200,32,10,0,0.5,0.02,0.02,13300,3000,3000,0.9991496598639457,0.9993197278911565,0.9600000000000001,0.9983333349227905,1.0,0.9993333220481873,0.0,0.0,3.638637608673889e-05,0.003582624834962189,6.758588570684906e-07,3.5305753114300272e-06,1,0,76bca1ee-6db5-47cd-94aa-fa11545716ef
200,20,25,1,0.5,0.5,0.5,13300,3000,3000,0.9996666666666667,0.9999857777777778,0.9996665555185061,0.999666690826416,1.0,1.0,0.0,0.0,1.803068953449838e-05,9.879262142931111e-05,3.0745567139911726e-07,1.115103022127152e-06,1,0,dedf2e93-224f-42e6-a5fa-d4da507105b1
200,47,23,1,0.02,0.02,0.02,13299,3000,3000,1.0,1.0,1.0,1.0,1.0,1.0,0.0,0.0,5.575721370405517e-05,0.0001348932142718695,9.838854881757192e-07,1.3813425392930618e-06,1,0,81aeea61-6d06-4c64-b45c-ea04963523aa
200,56,20,0,0.5,0.5,0.5,13300,3000,3000,0.9990000000000001,0.9993328888888887,0.9989996665555185,0.9990000128746033,1.0,0.9983333349227905,0.0,0.0,6.640036226599478e-05,0.01202556537464261,1.2023371254483754e-06,1.080186389200195e-06,1,0,ebee832b-d274-4c6e-bb3b-a377831f7da5
200,16,26,1,0.5,0.02,0.02,13300,3000,3000,0.9996598639455782,0.9996598639455783,0.9836065573770492,0.9993333220481873,1.0,0.999666690826416,0.0,0.0,1.4795519655308454e-05,0.005047044763341546,2.5401055785990583e-07,1.5001822179137087e-06,1,0,2e30dd48-0519-4e16-81c4-f0f91468fd9d
200,21,6,1,0.5,0.02,0.02,13300,3000,3000,0.9998299319727891,0.9999943310657596,0.9917355371900827,0.999666690826416,1.0,1.0,0.0,0.0,2.5805821314861534e-05,0.0001005417296255473,4.899661419713765e-07,1.0104759588839404e-06,1,0,0e5e0726-9408-4926-b47d-24df0db8eb27
200,36,21,0,0.5,0.5,0.5,13300,3000,3000,0.9993333333333334,0.9998995555555555,0.9993328885923949,0.9993333220481873,1.0,0.9990000128746033,0.0,0.0,3.762253763852641e-05,0.005428789788857103,6.714389991811343e-07,3.696168127504881e-07,1,0,7dd2c512-4bcc-4110-8f5e-1269c7d2556b
200,34,7,1,0.5,0.02,0.02,13300,3000,3000,0.9998299319727891,0.9996598639455782,0.9917355371900827,0.999666690826416,1.0,0.9993333220481873,0.0,0.0,4.049927265441511e-05,0.0055062106344848875,7.178389989038974e-07,7.926566345912914e-06,1,0,315a29a2-34b3-4df4-b39a-5e11cd953bbd
200,22,9,0,0.5,0.5,0.5,13300,3000,3000,1.0,1.0,1.0,1.0,1.0,0.999666690826416,0.0,0.0,2.0636020417441613e-05,0.0018213311792351305,3.586758901050858e-07,3.537857373650547e-06,1,0,31372f17-31e8-4b89-ae18-df8deca1ecbe
200,37,3,0,0.5,0.02,0.02,13300,3000,3000,0.9998299319727891,0.9996626984126984,0.9917355371900827,0.999666690826416,0.999323308467865,1.0,0.0,0.0,0.0010995025397278369,0.0007995002088136971,1.1362249020055772e-05,1.148576306217707e-05,1,0,e60c7c22-a5da-4dbf-be02-6b4d44208c2a
200,49,24,1,0.5,0.02,0.02,13300,3000,3000,0.9994897959183673,0.9996598639455782,0.975609756097561,0.9990000128746033,1.0,0.9993333220481873,0.0,0.0,5.451936776807997e-05,0.0024209060240536926,9.722121160962025e-07,1.9169261789135028e-07,1,0,52dd8f25-19b3-491e-8f55-047e4f305d63
200,19,2,1,0.5,0.02,0.02,13300,3000,3000,0.9998299319727891,1.0,0.9917355371900827,0.999666690826416,0.9999248385429382,0.9993333220481873,0.0,0.0,0.0008526058634743094,0.003909218218177557,2.6155238014727626e-06,1.2152066650391536e-06,1,0,da4fe435-1082-412d-a0d0-6197b2cb19d6
200,47,6,1,0.5,0.02,0.02,13300,3000,3000,0.9998299319727891,0.9996598639455783,0.9917355371900827,0.999666690826416,1.0,0.9993333220481873,0.0,0.0,8.389174836338497e-05,0.003465460054576397,1.701077827206451e-06,5.694781690084229e-06,1,0,03928a53-121f-4d68-9670-05174ad3db95
200,42,2,1,0.02,0.02,0.02,13299,3000,3000,0.9996598639455782,0.9993197278911565,0.9836065573770492,0.9993333220481873,0.9998496174812317,1.0,0.0,0.0,0.0011575086740776897,0.0006128900800831616,6.22168145469888e-06,7.951057676886288e-06,1,0,6b1dd6dc-d9c9-4c12-9577-4e3959750a00
200,48,15,0,0.5,0.5,0.5,13300,3000,3000,0.9996666666666666,1.0,0.9996667777407531,0.999666690826416,1.0,0.9986666440963745,0.0,0.0,6.110029207775369e-05,0.009482365008443594,1.103344050655981e-06,8.286792349961857e-07,1,0,1956858f-e652-4fe1-ac44-785a8cbb8bca
200,45,2,0,0.02,0.02,0.02,13299,3000,3000,0.9909863945578232,0.9987103174603175,0.9593495934959351,0.9983333349227905,0.9975938200950623,0.9973333477973938,0.0,0.0,0.008510579541325568,0.013511138502508402,4.3290907920447754e-05,3.1532448951939355e-05,1,0,24fa2e9c-bfa8-4c71-a4ce-e28eb7005d56
200,55,12,0,0.5,0.5,0.5,13300,3000,3000,0.9996666666666666,0.9999995555555555,0.9996667777407531,0.999666690826416,1.0,0.9986666440963745,0.0,0.0,6.96453578711953e-05,0.006601725239306688,1.2685218793974398e-06,7.566995993256569e-06,1,0,60ef65b1-5742-4dda-b4dd-96bfe66ae742
200,28,26,1,0.5,0.5,0.5,13300,3000,3000,0.9993333333333334,0.9993333333333332,0.9993328885923949,0.9993333220481873,1.0,0.9993333220481873,0.0,0.0,2.505795364413643e-05,0.004410851048305631,4.348258340173048e-07,1.39034849952678e-06,1,0,9b56337b-5b76-4bef-b4c0-41225424ce2d
200,28,22,0,0.5,0.5,0.5,13300,3000,3000,1.0,1.0,1.0,1.0,1.0,0.9990000128746033,0.0,0.0,2.9752142290817572e-05,0.005018581263720989,5.189292056918808e-07,3.5989503381015315e-06,1,0,2810a1ca-ba46-4105-ac0d-eca74e4b89d0
200,56,6,0,0.5,0.5,0.5,13300,3000,3000,0.9996666666666666,1.0,0.9996667777407531,0.999666690826416,0.9999248385429382,0.9986333131790162,0.0,9.999275207519531e-05,0.00021024252055212855,0.005286421533674002,1.2737322471422945e-06,9.475032103222516e-06,1,0,87d57762-0489-49c9-b52c-4946725b8126
200,56,7,1,0.5,0.02,0.02,13300,3000,3000,0.9996598639455782,0.9993310657596373,0.9836065573770492,0.9993333220481873,1.0,0.9993333220481873,0.0,0.0,7.932305670692586e-05,0.0031880735186859965,1.4580755632484429e-06,9.258158923985754e-06,1,0,63a9920c-660b-407e-b747-ef75ee64b1ee
200,57,25,1,0.5,0.5,0.5,13300,3000,3000,1.0,1.0,1.0,1.0,1.0,0.9993333220481873,0.0,0.0,6.651089934166521e-05,0.00246307966299355,1.1850539586392883e-06,1.7748996848374393e-07,1,0,012924d4-e721-4743-b4b8-cc3ff81b7351
200,30,25,1,0.5,0.5,0.5,13300,3000,3000,0.9996666666666667,0.9999973333333333,0.9996665555185061,0.999666690826416,1.0,0.9993333220481873,0.0,0.0,3.0426962257479318e-05,0.0034524383489042522,5.250347985727523e-07,2.9115053315260896e-06,1,0,de35bc43-2ff3-4ded-b4da-6e0ee0761698
200,25,6,1,0.5,0.5,0.5,13300,3000,3000,0.9996666666666666,1.0,0.9996667777407531,0.999666690826416,1.0,1.0,0.0,0.0,3.844200109597296e-05,9.880699508357793e-05,6.603140062444132e-07,1.0211414859752753e-06,1,0,d6d578be-97e8-48a3-a56b-b252ddda2f33
200,49,18,0,0.5,0.5,0.5,13300,3000,3000,1.0,1.0,1.0,1.0,1.0,0.9993333220481873,0.0,0.0,5.894246860407293e-05,0.005358398333191872,1.1092139557603705e-06,2.009738969573827e-06,1,0,b2f44816-3a0e-4aa6-a6c7-153342268b4c
200,57,26,1,0.5,0.5,0.5,13300,3000,3000,0.9996666666666667,0.9993333333333333,0.9996665555185061,0.999666690826416,1.0,0.9986666440963745,0.0,0.0,6.339002284221351e-05,0.015129718370735646,1.1222277276565786e-06,8.69007345125313e-06,1,0,c33b89df-efb2-45c0-8e24-7efd4a8ac450
200,56,22,1,0.02,0.02,0.02,13299,3000,3000,0.9998299319727891,0.9996598639455783,0.9917355371900827,0.999666690826416,1.0,0.999666690826416,0.0,0.0,7.253469666466117e-05,0.0010396134573966264,1.297534718725519e-06,1.9343423739913243e-06,1,0,1672faa5-9aa7-4bf4-ae20-ca483e7b15d0
200,31,21,1,0.5,0.02,0.02,13300,3000,3000,0.9996598639455782,0.9996598639455783,0.9836065573770492,0.9993333220481873,1.0,0.999666690826416,0.0,0.0,2.965965395560488e-05,0.0028368674917146563,5.120277875659727e-07,1.690444437844763e-06,1,0,7d1454f5-39ed-4d55-96ac-693def623bd6
200,39,11,1,0.5,0.02,0.02,13300,3000,3000,0.9998299319727891,0.9999943310657596,0.9917355371900827,0.999666690826416,1.0,0.999666690826416,0.0,0.0,4.666344502766151e-05,0.0029676435282453895,8.32360324054846e-07,1.9844625196520264e-06,1,0,e6bc5ce9-0d78-44f5-bfba-32abea529592
200,55,24,0,0.02,0.02,0.02,13299,3000,3000,0.9916666666666667,0.9999886621315193,0.9915966386554621,0.999666690826416,1.0,1.0,0.0,0.0,5.825465559610166e-05,0.00015762988041387871,1.0407142623881915e-06,9.304266262843002e-07,1,0,7f02d863-8d58-45e2-8aca-e1aa524d6749
200,15,22,0,0.5,0.5,0.5,13300,3000,3000,0.9993333333333334,0.9999991111111111,0.9993328885923949,0.9993333220481873,1.0,0.9993333220481873,0.0,0.0,1.4383644611370983e-05,0.003697431506589055,2.51794042057059e-07,1.3773383650553232e-06,1,0,ec00c0c8-1c1f-4a5d-9524-8c59bc8b3ae2
200,50,23,1,0.5,0.02,0.02,13300,3000,3000,0.9996598639455782,0.9993197278911565,0.9836065573770492,0.9993333220481873,1.0,0.9990000128746033,0.0,0.0,5.2215899268048814e-05,0.00854699295014143,9.077508947067799e-07,5.537449803933558e-07,1,0,d5521643-5cf9-4a7e-b853-d96eeb25ee04
200,52,15,0,0.02,0.02,0.02,13299,3000,3000,0.9998299319727891,0.9996598639455784,0.9917355371900827,0.999666690826416,1.0,0.9993333220481873,0.0,0.0,6.201734213391319e-05,0.005001835618168115,1.1103615171461973e-06,9.720777846418634e-06,1,0,974fb042-50f7-400b-9384-440ffaaf1bd9
200,16,1,0,0.5,0.5,0.5,13300,3000,3000,0.5,0.5,0.6666666666666666,0.5,0.4960150420665741,0.5,0.003979281297703625,0.0,0.693208920955658,0.6931558668613433,1.4792782522778688e-05,9.452817482006076e-06,1,0,1e5c3876-49b8-4bf9-82f1-b0ccd7f71410
200,35,13,1,0.5,0.5,0.5,13300,3000,3000,0.9996666666666667,0.9993333333333333,0.9996665555185061,0.999666690826416,1.0,0.999666690826416,0.0,0.0,4.133801157877315e-05,0.000675221619894728,7.41355944453194e-07,1.1928963160934267e-06,1,0,2be8d8de-a784-4184-bca8-1eb9a9be06ce
200,47,27,1,0.02,0.02,0.02,13299,3000,3000,1.0,1.0,1.0,1.0,1.0,0.999666690826416,0.0,0.0,4.8639552915119566e-05,0.000528846075758338,8.553009413734901e-07,2.205670592130762e-06,1,0,2c8fe138-833b-4001-b079-4f207ff30e0f
200,41,11,0,0.02,0.02,0.02,13299,3000,3000,1.0,1.0,1.0,1.0,1.0,0.999666690826416,0.0,0.0,4.4851226994069294e-05,0.0018502665567211806,8.32575879008761e-07,6.574717706160685e-06,1,0,7b51b0ac-1927-4652-a4e0-2cdc3e81f3cb
200,37,22,0,0.5,0.5,0.5,13300,3000,3000,0.9993333333333333,0.9993333333333333,0.9993333333333333,0.9993333220481873,1.0,0.9990000128746033,0.0,0.0,3.725775350176264e-05,0.0012492103152908385,6.505169167374725e-07,1.8634368986945037e-06,1,0,f77102c0-4e1d-4f5a-969d-8d531649217e
200,34,10,1,0.5,0.02,0.02,13300,3000,3000,0.9996598639455782,0.9996825396825397,0.9836065573770492,0.9993333220481873,1.0,0.9993333220481873,0.0,0.0,7.165601782617159e-05,0.006728619989007712,1.2799929937146213e-06,2.333402962117687e-06,1,0,b5f71a71-4a49-4db5-8fdc-3dc5b6210d6e
200,34,27,1,0.5,0.5,0.5,13300,3000,3000,1.0,1.0,1.0,1.0,1.0,0.9993333220481873,0.0,0.0,3.4685041464399545e-05,0.0039015522692352534,6.015730498126786e-07,6.011556625342926e-06,1,0,ce2bb764-0287-4480-80e3-9ecb6e2654f5
200,15,13,0,0.5,0.5,0.5,13300,3000,3000,0.9996666666666666,1.0,0.9996667777407531,0.999666690826416,1.0,0.9993333220481873,0.0,0.0,1.5075447026902112e-05,0.003450688091106713,3.0508053076821097e-07,1.4102453121884811e-05,1,0,b3c33c80-23e4-417c-8100-8e14f024c75e
200,23,22,0,0.5,0.5,0.5,13300,3000,3000,0.9996666666666667,0.9993333333333333,0.9996665555185061,0.999666690826416,1.0,0.9990000128746033,0.0,0.0,2.2823600374977104e-05,0.0074301700107753275,3.8789683091747e-07,8.020248271159219e-06,1,0,b2a0b6e6-3c09-4823-9bdb-0f653becfbda
200,46,2,1,0.5,0.5,0.5,13300,3000,3000,0.9993333333333334,1.0,0.9993328885923949,0.9993333220481873,0.9998496174812317,0.9990000128746033,0.0,0.0,0.0003886680060531944,0.003197720507159829,2.3742993105507994e-06,1.110454330209484e-05,1,0,bef8ff9c-d84a-4fe8-9a09-d775e3e6dd98
200,57,15,1,0.5,0.5,0.5,13300,3000,3000,0.9996666666666667,1.0,0.9996665555185061,0.999666690826416,1.0,0.9983333349227905,0.0,0.0,6.849218989373185e-05,0.00644015371799469,1.243539735130008e-06,1.460570716672798e-06,1,0,36097e9b-34c2-4427-981d-06c28110437c
200,43,28,1,0.5,0.02,0.02,13300,3000,3000,0.9996598639455782,0.9996598639455782,0.9836065573770492,0.9993333220481873,1.0,0.9993333220481873,0.0,0.0,4.414286122482736e-05,0.006248972471803426,7.770414904866185e-07,6.385760450481053e-06,1,0,a4a8b824-fc40-4307-b7e3-9e712e0989db
200,10,10,1,0.5,0.02,0.02,13300,3000,3000,0.9998299319727891,0.9996598639455783,0.9917355371900827,0.999666690826416,1.0,1.0,0.0,0.0,9.102032072405563e-06,0.00023712810507277028,1.5424682644545724e-07,1.5917757910292e-06,1,0,eb118bd6-50b8-4bab-8257-6d830fa7047e
200,53,18,0,0.5,0.02,0.02,13300,3000,3000,0.9998299319727891,0.999875283446712,0.9917355371900827,0.999666690826416,1.0,0.999666690826416,0.0,0.0,6.396624448825605e-05,0.004714825097471476,1.1937744216943806e-06,3.2677997395973944e-06,1,0,4de5a702-4d1e-44fc-9524-686a3a6c4a29
200,36,27,1,0.5,0.02,0.02,13300,3000,3000,0.9998299319727891,0.9996598639455783,0.9917355371900827,0.999666690826416,1.0,0.999666690826416,0.0,0.0,3.627555233833846e-05,0.0007813070784322918,6.387017854250195e-07,4.080054964703182e-06,1,0,e0417900-46f4-49ab-aae7-4982c13ea721
200,48,20,1,0.5,0.02,0.02,13300,3000,3000,0.9998299319727891,0.9996598639455783,0.9917355371900827,0.999666690826416,1.0,0.999666690826416,0.0,0.0,5.260827238089405e-05,0.003766344231553376,9.042738360857366e-07,7.966061670471584e-07,1,0,ff879fd1-d4ee-4656-add8-2cb77f1df43b
200,36,4,1,0.5,0.02,0.02,13300,3000,3000,0.9998299319727891,1.0,0.9917355371900827,0.999666690826416,1.0,0.9993333220481873,0.0,0.0,0.0003452262346399948,0.003706871997565031,5.139115043295317e-06,1.1504307484281465e-05,1,0,ca5dad1d-b014-466d-8a7a-57560a2c217d
200,34,29,0,0.5,0.5,0.5,13300,3000,3000,1.0,1.0,1.0,1.0,1.0,0.9993333220481873,0.0,0.0,3.680369882204104e-05,0.005470552528277039,6.57574078566894e-07,2.5892839554315225e-06,1,0,39c4b096-8e07-4914-b292-327233284c99
200,10,29,1,0.5,0.5,0.5,13300,3000,3000,1.0,1.0,1.0,1.0,1.0,0.9990000128746033,0.0,0.0,7.968116460688179e-06,0.004999905452132225,1.3341320785827812e-07,3.4786890150228456e-06,1,0,fee0e9f2-797d-4d35-b0bd-7a71b6782b23
200,35,7,1,0.02,0.02,0.02,13299,3000,3000,0.9996598639455782,0.9997108843537414,0.9836065573770492,0.9993333220481873,1.0,0.9993333220481873,0.0,0.0,4.4320025699562394e-05,0.0025414298754185436,8.811957101627824e-07,4.8298249606864955e-06,1,0,45467214-bf19-4b70-ae0d-939cb57e38ef
200,31,29,0,0.5,0.5,0.5,13300,3000,3000,0.9993333333333333,0.9999995555555555,0.9993333333333333,0.9993333220481873,1.0,0.9990000128746033,0.0,0.0,3.371321799932048e-05,0.003280567447654903,6.033942565385287e-07,1.3947182697683114e-05,1,0,cdbe6262-6be6-46b4-a348-ad2de9c2911b
200,26,13,0,0.5,0.02,0.02,13300,3000,3000,0.9994897959183673,0.9999943310657596,0.975609756097561,0.9990000128746033,1.0,0.9990000128746033,0.0,0.0,3.0290770882857033e-05,0.014530030824244023,5.265100725521113e-07,1.1510226074657269e-05,1,0,c9613637-8c31-4de0-8346-d55e3f2dd044
200,24,11,0,0.5,0.02,0.02,13300,3000,3000,0.9994897959183673,0.9993367346938776,0.975609756097561,0.9990000128746033,1.0,0.9993333220481873,0.0,0.0,3.461957348918077e-05,0.007101390091702342,6.231596957013253e-07,5.415395472644527e-06,1,0,fcd53436-b490-46ee-bc12-3ea20163c4ee
200,58,12,0,0.02,0.02,0.02,13299,3000,3000,1.0,1.0,1.0,1.0,1.0,1.0,0.0,0.0,6.419839482987299e-05,6.755504437023774e-05,1.1601082658333935e-06,1.211128075960605e-06,1,0,dd3a507d-91a1-4779-8943-d3b22580ff24
200,41,23,1,0.02,0.02,0.02,13299,3000,3000,0.9916666666666667,0.9999943310657596,0.9915966386554621,0.999666690826416,1.0,0.999666690826416,0.0,0.0,4.717456540674903e-05,0.0006938738166354597,8.347083794394815e-07,1.8656167891948824e-06,1,0,e6ab8e0b-af7c-4f28-88b6-8a7eca7df847
200,39,12,0,0.5,0.02,0.02,13300,3000,3000,0.9994897959183673,0.9996626984126984,0.975609756097561,0.9990000128746033,1.0,0.9986666440963745,0.0,0.0,8.06170741270762e-05,0.005798042938113213,1.497536205057804e-06,2.437512576066814e-05,1,0,3080d25b-bcc6-4483-ad5b-c015c2e32566
200,43,25,0,0.5,0.5,0.5,13300,3000,3000,0.9996666666666666,0.9999995555555555,0.9996667777407531,0.999666690826416,1.0,0.9990000128746033,0.0,0.0,4.747115781356115e-05,0.008381314482539893,8.527329292580778e-07,2.910671769662304e-06,1,0,814597e4-8161-426c-a775-e2977f07d736
200,13,24,0,0.5,0.02,0.02,13300,3000,3000,0.9996598639455782,0.9996655328798186,0.9836065573770492,0.9993333220481873,1.0,0.9990000128746033,0.0,0.0,1.1265873217780608e-05,0.008809337578713893,1.926585749886206e-07,7.9977208702282e-06,1,0,2b6f725b-ed8c-4e98-9c8d-73be0731d063
200,59,11,0,0.5,0.5,0.5,13300,3000,3000,1.0,1.0,1.0,1.0,1.0,0.9986666440963745,0.0,0.0,6.925013585714623e-05,0.009405576717108488,1.256691502528479e-06,6.6702002420611294e-06,1,0,702bd668-94f7-4412-830d-b65fc22b4912
200,11,22,1,0.5,0.5,0.5,13300,3000,3000,0.9996666666666667,1.0,0.9996665555185061,0.999666690826416,1.0,0.9990000128746033,0.0,0.0,8.614144462626427e-06,0.00736964512616396,1.4359136638947285e-07,2.2771632863899e-06,1,0,34f235d8-7317-4fde-9b1c-e7359076bb94
