name, deepness,neurons, type, trainsig, testsig, batch, epochs, LR 
"PARTE 1: LA TIPICA",0,0,0,0,0,0,0,0


"QUESTION: `is there an optimal in the middle of neurons, e.g. 16, and the extremes are underfitting and overfitting?`",0,0,0,0,0,0,0,0
"T50-V50-E-128-B-32-N-3",0,3,"normal",50,50,32,128,0.01	
"T50-V50-E-128-B-32-N-32",0,32, "normal",50,50,32,128,0.01
"T50-V50-E-128-B-32-N-64",0,64, "normal",50,50,32,128,0.01
"T50-V50-E-128-B-32-N-16",0,16, "normal",50,50,32,128,0.01
"T50-V50-E-128-B-32-N-8",0,8, "normal",50,50,32,128,0.01
"T50-V50-E-128-B-32-N-4",0,4, "normal",50,50,32,128,0.01

"PARTE 2: MEJORAR",0,0,0,0,0,0,0,0

"Q: `smaller batch + bigger LR + 3Deep?`",0,0,0,0,0,0,0,0
"deep-T50-V50-E-64-B-8-N-20",3,20,"normal",50,50,8,64,0.017
"Q: `clean database?`",0,0,0,0,0,0,0,0
"clean-T50-V50-E-128-B-16-N-32",0,32,"clean",50,50,16,128,0.01
"clean-T50-V50-E-128-B-16-N-16",0,16,"clean",50,50,16,128,0.01
"clean-T50-V50-E-1024-B-128-N-32",0,32,"clean",50,50,128,1024,0.01
"Q: `differnt batches?`",0,0,0,0,0,0,0,0
"T50-V50-E-256-B-128-N-32",0,32,"normal",50,50,128,256,0.01
"T50-V50-E-256-B-32-N-32",0,32,"normal",50,50,32,256,0.01
"Q: `batch 2 with 0-1 alternated ?`",0,0,0,0,0,0,0,0
"deep-T50-V50-E-128-B-2-N-8",1,8,"normal",50,50,2,128,0.01
"T50-V50-E-64-B-6-N-16",0,16,"normal",50,50,6,64,0.01
"deep-T50-V50-E-64-B-6-N-8B",2,8,"normal",50,50,6,64,0.01
"deep-T50-V50-E-128-B-4-N-8",2,8,"normal",50,50,4,128,0.01
"Q: `batch BIG with 0-1 alternated ?`",0,0,0,0,0,0,0,0
"T50-V50-E-4096-B-1024-N-16",0,16,"normal",50,50,1024,4096,0.04
"T50-V50-E-2048-B-1024-N-16",0,16,"normal",50,50,2048,1024,0.008
"deep-T50-V50-E-2048-B-1024-N-11",2,11,"normal",50,50,2048,1024,0.006
"deep-T50-V50-E-2048-B-512-N-12",2,12,"normal",50,50,2048,512,0.0125
"deep-T50-V50-E-2048-B-512-N-24",2,24,"normal",50,50,2048,512,0.0125
"Q: REPEAT `smaller batch + bigger LR + 3Deep?` with progressive 32 neur",0,0,0,0,0,0,0,0
"deep-T50-V50-E-64-B-8-N-24",3,24,"normal",50,50,8,64,0.013
"deep-T50-V50-E-64-B-8-N-32",3,32,"normal",50,50,8,64,0.01
"T50-V50-E-64-B-8-N-32",0,32,"normal",50,50,8,64,0.01
"T50-V50-E-128-B-64-N-32",0,32,"normal",50,50,64,128,0.01
"T50-V50-E-64-B-18-N-32",0,32,"normal",50,50,18,64,0.01
"PARTE 3: OTRAS DATABASES",0,0,0,0,0,0,0,0
"clean-T50-V50-E-64-B-18-N-32",0,32,"clean",50,50,18,64,0.01
"spherical-T50-V50-E-64-B-18-N-32",0,32,"spherical",50,50,18,64,0.01
"cartesian-T50-V50-E-64-B-18-N-32",0,32,"cartesian",50,50,18,64,0.01
"deep-cartesian-T50-V50-E-128-B-18-N-32",2,32,"cartesian",50,50,18,128
"deep-spherical-T50-V50-E-128-B-18-N-32",2,32,"cartesian",50,50,18,128

"PARTE 4: OTRAS fraccion de signal. T50-measure 2%",0,0,0,0,0,0,0,0
"T50-V2-E-64-B-18-N-32",0,32,"normal",50,2,18,64,0.01
"T50-V2-E-64-B-18-N-4",0,4,"normal",50,2,18,64,0.01
"T50-V2-E-64-B-18-N-16",0,16,"normal",50,2,18,64,0.01
"deep-T50-V2-E-64-B-18-N-32",1,32,"normal",50,2,18,64,0.01
"deep-spherical-T50-V2-E-64-B-18-N-16",1,16,"spherical",50,2,18,64,0.01
"deep-cartesian-T50-V2-E-64-B-18-N-16",1,16,"cartesian",50,2,18,64,0.01
"deep-cartesian-T50-V2-E-64-B-18-N-32",1,32,"cartesian",50,2,18,64,0.01
"deep-cartesian-T50-V2-E-128-B-18-N-32",1,32,"cartesian",50,2,18,128,0.01
"CARTESIAN was more poor",0,0,0,0,0,0,0,0
"MENCIONAR que column relevance se podria definir a partir de como cambia el result en ausencia de la col",0,0,0,0,0,0,0,0


"PARTE 5: OTRAS fraccion de signal. T2-measure 2%",0,0,0,0,0,0,0,0
"T2-V2-E-64-B-18-N-32",0,32,"normal",2,2,16,64,0.01
"T2-V2-E-64-B-18-N-64",0,64,"normal",2,2,16,64,0.01
"T2-V2-E-64-B-18-N-16",0,16,"normal",2,2,16,64,0.01



"",0,0,0,0,0,0,0,0









